bfkey,bfddec,bfcorkey,bfcorlid,bfdcn,bfdocind,bfpdnum,bfdpdcn,bforgtic,bfdorg,bfdthurb,bfdnod,bfdsoc,bfd19,bf41stat,bfmstat,bfmpro,bfdmcon,bfregoff,bfissnr,bfrdmref,bfcasev,bfcaseva,bfcasevb,bfcasevc,bfboard,bfbsasgn,bfattid,bfdasgn,bfcclkid,bfdqrsnt,bfdlocin,bfdloout,bfstasgn,bfcurloc,bfnrcopy,bfmemid,bfdmem,bfnrci,bfcallup,bfcallyymm,bfhines,bfdcfld1,bfdcfld2,bfdcfld3,bfac,bfdc,bfha,bfic,bfio,bfms,bfoc,bfsh,bfso,bfhr,bfst,bfdrodec,bfssoc1,bfssoc2,bfssoc3,bfssoc4,bfssoc5,bfdtb,bftbind,bfdcue,bfddvin,bfddvout,bfddvwrk,bfddvdsp,bfddvret,bfddro,bfdroid,bfdrortr,bfro1,bflot,bfbox,bfdtbready,bfarc,bfdarcin,bfdarcout,bfarcdisp,bfsub,bfrocdoc,bfdrocket,bfdcertool
1934123,,CK409203,944883162S,,V,,,,2017-05-10,,2008-05-28,2009-02-03,2009-02-11,2015-05-12,,ACT,2016-12-15,RO49,,,,,,,00,,1900,,5814379,,2017-12-06,2017-12-06,,57,,000,,,,,,,,Y,1,,,,,A,N,,H,2,D,2007-09-04,2011-08-26,2013-09-03,2015-05-12,,,2013-09-06,X,,,,,,,2008-05-28,,,,,,2017-12-06,,,,,,,,
1986897,,CK257203,848970267S,,,,,,2017-03-07,,2008-09-29,2010-02-25,2010-04-28,2016-06-20,,ACT,2016-06-20,RO22,,,,,,,00,,1535,,4076069,,2017-11-03,2017-11-03,,57,,000,,,,1,,,,Y,1,,5,,,A,N,,D,2,D,2008-09-17,,,,,,2010-04-28,X,,,,,,,2008-11-18,,,,,,2017-09-15,,,,,,,,2016-06-20
1993535,,317F9CA7,583081964S,,V,,,,2017-08-23,,2008-09-15,2009-10-30,2009-11-17,2017-07-28,,ACT,,RO26,,,,,,,SBODE,,1041,,9967295,,2017-12-05,2017-12-05,,57,,,,,,,,,,Y,1,,3,,,,N,,D,5,D,2008-06-27,2016-10-07,,,,,2013-11-18,X,,,,,,,2008-09-15,,Y,,,,2017-07-28,,,,,,,,2017-07-28
2012948,,CK824632,761715749S,,V,,,,2017-10-03,,2008-11-29,2010-04-29,2010-06-10,2016-04-11,,ACT,2016-04-11,RO55,,,,,,,SBODE,,1518,,5145469,,2017-12-05,2017-12-05,,57,,,,,,,,,,Y,1,,,,,A,N,,D,2,P,2008-08-05,2014-12-24,2015-03-11,2016-01-25,,,2015-05-28,X,,,,,,,2008-11-29,,,,,,2017-12-06,,,,,,,,
2076523,,32E017BC,965602856S,,V,,,,,,2009-04-17,2010-07-01,2010-09-01,2017-09-19,,ACT,,RO45,,,,,,,00,,000,,9539813,,2017-11-01,2017-11-01,,57,,000,,,,,,,,Y,1,,,,,,N,,T,2,D,2009-03-30,2016-10-28,,,,,2014-08-27,X,,,,,,,2009-04-17,,Y,,,,2017-09-19,,,,,,,,2017-09-19
2094805,,CK869070,849764285S,,,,,,,,2009-03-05,2010-05-28,2010-06-30,2017-08-01,,ACT,2017-08-01,RO19,,,,,,,SBODE,,1294,,3094261,,2017-11-15,2017-11-15,,57,,,,,,,,,Y,Y,1,,,,,A,N,,D,1,D,2009-01-21,2012-08-20,2017-07-13,,,,,,,,,,,,2009-03-05,,,,,,,RO49,2012-08-09,2012-08-17,3,,,,
2096907,2017-12-08,31333341,228081153S,,,,,,,,2009-05-26,2013-06-04,2013-07-01,2014-08-14,,HIS,,RO44,,,02,,,,SBODE,,1860,,3411177,,2017-12-08,2017-12-08,,99,,731,,,X,,,,,Y,1,1,2,,,,N,,I,2,P,2009-03-31,,,,,,,,,,,,,,,,Y,,,,,RO46,2009-08-17,2009-08-24,5,,,,
2110381,,CK877331,964976756S,,,,,,,,2009-06-22,2011-09-08,2011-10-24,2012-12-19,,ACT,2014-05-12,RO43,,,,,,,SBODE,,2018,,9224177,,2017-11-30,2017-11-30,,57,,,,,,,,,,,1,,,,,A,N,,I,5,D,2009-02-10,,,,,,,,,,,,,,,,,,,,,,,,,,,,
2117094,,101713,645883755S,,,,,,2016-11-13,,2009-06-30,2013-04-09,2013-06-07,2014-07-10,,ACT,2016-09-16,RO77,,,,,,,SBODE,,,,3241511,,2017-08-10,2017-08-10,,57,,,,,,,,,,Y,1,,5,,,A,N,,D,2,D,2009-03-11,2014-02-05,,,,,2013-07-22,X,,,,,,,2009-06-30,,,,,,2014-07-10,,,,,,,,
2118713,,CK881620,869240083S,,,,,,2017-10-17,,2009-07-13,2011-05-09,2011-05-23,2016-02-17,,ACT,2016-02-17,RO22,,,,,,,SBODE,,2034,,9387835,,2017-11-28,2017-11-28,,57,,,,,,,,,,Y,1,,,,,A,N,,A,5,D,2009-06-11,,,,,,,,,,,,,,2009-07-13,,,,,,,,,,,,,,
2129162,,CK840553,543197231S,,V,,,,,,2009-07-14,2011-01-27,2011-01-31,2017-10-16,,ACT,2017-10-16,RO62,,,,,,,SBODE,,,,2878131,,2017-11-08,2017-11-08,,57,,,,,X,,,,,Y,1,,,,,A,N,,I,2,P,2009-06-13,2017-09-21,,,,,2011-01-31,X,,,,,,,2009-07-14,,,,,,2017-10-16,,,,,,,,2017-10-16
2144437,,CK895807,989735745S,,,,,,2016-06-05,,2009-08-20,2013-10-22,2013-11-22,2016-01-29,,ACT,2016-01-29,RO44,,,,,,,00,,431,,9096654,,2017-12-05,2017-12-05,,57,,000,,,,1,,,,Y,1,,3,,,A,N,,D,5,P,2009-02-25,,,,,,,,,,,,,,2009-09-17,,,,,,,,,,,,,,
2161819,,CK905439,208405812S,,V,,,,2017-08-31,,2009-10-01,2011-06-30,2011-07-11,2016-02-11,,ACT,2016-02-11,RO22,,,,,,,SBODE,,2060,,5858368,,2017-11-02,2017-11-02,,57,,,,,,,,,,Y,1,,5,,,A,N,,A,2,D,2009-09-25,,,,,,2013-04-01,X,,,,,,,2009-10-26,,,,,,2017-07-19,,,,,,,,
2177060,,CK913924,282484354S,,,,,,2017-01-18,,2009-11-02,2011-04-26,2011-05-12,2016-07-11,,ACT,2016-07-13,RO35,,,,,,,SBODE,,1836,,7305400,,2017-11-22,2017-11-22,,57,,,,,,1,,,,Y,1,,5,,,A,N,,I,2,D,2009-07-20,2016-05-26,,,,,2011-05-12,X,,,,,,,,,Y,,,,2016-07-14,,,,,,,,2016-07-11
2214968,2017-09-19,CK934532,375273128S,,,,,,2017-01-25,,2009-12-16,2012-08-03,2012-09-10,2016-08-10,,REM,,RO13,,D,02,,,,SBODE,,1492,,6773616,,2017-09-15,2017-09-15,688,97,,008,,,,1,,,,Y,1,3,1,,,,N,,H,5,D,2009-11-27,,,,,,,,,,,,,,2009-12-16,,Y,RO97,,,,,,,,,,,2016-08-10
2220497,,CK937525,551781062S,,,,,,,,2009-12-24,2011-05-24,2011-06-30,2017-03-20,,ACT,,RO13,,,,,,,SBODE,,1294,,4329399,,2017-10-24,2017-10-24,512,57,,,,,,,,,Y,,1,,3,,,,N,,L,5,D,2009-12-16,2017-02-16,,,,,,,,,,,,,,,,,,,,,,,,,,,2017-03-20
2226048,,CK940968,213912991S,,V,,,,,,2010-02-17,2014-03-28,2014-05-27,2014-08-19,,ACT,2015-08-27,RO49,,D,,,,,00,,793,,4113666,,2017-12-05,2017-12-05,,AABSHIRE,,000,,,,,,,,,1,,6,,,A,N,,D,2,P,2009-03-12,,,,,,2014-05-27,X,,,,,,,,,,,,,2015-08-28,,,,,,,,
2231180,,CK943653,968514949S,,V,,,,,,2010-02-10,2010-07-21,2010-08-11,2017-08-16,,ADV,2017-08-22,RO49,,,,,,,SBODE,,,,6827144,,2010-02-26,2010-02-26,,77,,,,,,,,,,Y,1,,,,,A,N,,I,2,D,2009-09-28,2010-12-09,2012-07-27,2014-03-31,2017-08-15,,2010-08-11,X,,,,,,,2010-03-24,,,,,,2017-08-16,,,,,,,,
2238175,,CK947525,144878787S,,V,,,,,,2010-01-14,2014-03-10,2014-03-21,2015-12-30,,ACT,2015-12-30,RO44,,D,,,,,00,,827,,5728487,,2017-12-05,2017-12-05,,57,,000,,,,,,,,,1,,5,,,A,N,,I,2,P,2009-12-15,,,,,,2014-03-21,X,,,,,,,,,,,,,2016-08-09,,,,,,,,
2249056,,CK404138,608428712S,,V,,,,,,2010-03-25,2015-05-12,2015-05-21,2016-05-16,,ACT,2016-05-16,RO44,,,,,,,00,,000,,2339255,,2017-11-29,2017-11-29,,33,,000,,,,,,,,Y,1,,6,,,A,N,,D,2,D,2010-03-08,,,,,,2015-05-21,X,,,,,,,2010-04-09,,,,,,2016-05-16,,,,,,,,2016-05-16
2252264,,305511,596570322S,,,,,,,,2010-04-01,2011-09-07,2011-09-21,2017-07-26,,ACT,2017-07-26,RO25,,,02,,,,00,,1083,,8851786,,2017-12-07,2017-12-07,,57,,000,,,,,,,,Y,1,,,,,A,N,,L,5,D,2010-03-15,,,,,,,,,,,,,,2010-04-01,,Y,,,,,,,,,,,,
2270107,,CK299814,851346054S,,,,,,,,2010-05-03,2012-05-31,2012-06-18,2015-11-04,,ACT,2015-11-04,RO17,,,,,,,00,,1784,,6662410,,2017-12-06,2017-12-06,,57,,000,,,,,,,,,1,,,,,A,N,,T,2,D,2009-11-27,,,,,,,,,,,,,,,,Y,,,,,,,,,,,,
2274617,,CK967879,960056896S,,,,,,,,2010-05-10,2012-04-26,2012-05-01,2016-06-20,,ACT,,RO55,,,,,,,SBODE,,,,9630873,,2017-12-05,2017-12-05,,57,,,,,,1,,,,Y,1,,,,,,N,,T,5,D,2009-12-09,2013-12-17,,,,,,,,,,,,,2011-12-21,,,,,,,,,,,,,,2016-06-20
2293199,,CK348483,786282171S,,V,,,,,,2010-06-08,2010-09-20,2010-10-04,2014-05-20,,ACT,2014-08-29,RO14,,R,,,,,SBODE,,530,,4735412,,2017-11-29,2017-11-29,,57,,,,,,1,,,Y,Y,1,,5,,,A,N,,L,2,D,2010-05-20,2014-05-20,,,,,2010-10-30,X,,,,,,,2010-06-08,,,,,,2016-12-16,,,,,,,,
2306397,,CK985144,779309925S,,V,,,,,,2010-07-14,2013-08-09,2013-10-15,2014-07-03,,ACT,2014-08-11,RO49,,,,,,,00,,000,,9761545,,2017-10-31,2017-10-31,,33,,000,,,,,,,,Y,1,,6,,,A,N,,A,2,D,2009-10-08,2014-06-06,,,,,2013-10-15,X,,,,,,,2010-07-14,,,,,,2014-07-03,,,,,,,,
2309289,,CK986682,202708586S,,,,,,2017-09-20,,2010-07-06,2012-02-06,2012-03-13,2017-03-18,,ACT,2017-03-18,RO27,,,,,,,SBODE,,1634,,7478822,,2017-12-07,2017-12-07,,AABSHIRE,,,,,,,,,,,1,,5,,,A,N,,D,5,D,2009-11-16,2014-02-14,2017-02-06,,,,,,,,,,,,,,,,,,,,,,,,,,2017-03-18
2311946,,CK102838,364612662S,,V,,,,,,2010-07-27,2013-08-13,2013-08-29,2017-08-24,,ACT,2017-08-25,RO45,,,,,,,SBODE,,,,2940271,,2017-10-27,2017-10-27,,57,,,,,,,,,,Y,1,,,,,A,N,,V,2,P,2009-12-22,2017-07-14,,,,,2013-08-29,X,,,,,,,2010-11-12,,,,,,2017-08-24,,,,,,,,2017-08-24
2311979,,CK988269,379784172S,,V,,,,,,2010-07-19,2013-04-22,2013-06-12,2014-03-22,,ACT,2014-07-22,RO71,,,,,,,00,,747,,9599518,,2017-11-29,2017-11-29,,57,,000,,,,,,,,Y,1,,5,,,A,N,,L,2,D,2010-07-07,,,,,,2013-06-12,X,,,,,,,2010-10-18,,Y,,,,2014-03-22,,,,,,,,
2312804,,CK988726,525409948S,,,,,,2017-09-26,,2010-07-15,2012-03-07,2012-05-08,2017-06-27,,ACT,2017-06-29,RO22,,,,,,,SBODE,,1675,,1597986,,2017-12-07,2017-12-07,,57,,,,,,,,,,Y,1,,5,,,A,N,,A,2,D,2010-04-09,,,,,,2012-05-08,X,,,,,,,2010-07-15,,,,,,2017-06-27,,,,,,,,2017-06-27
2319208,,CK992319,334277788S,,V,,,,,,2010-07-23,2013-11-19,2014-01-10,2017-07-20,,ACT,,RO04,,,,,,,00,,000,,3453638,,2017-10-31,2017-10-31,,57,,000,,,,,,,,,1,,5,,,,N,,D,2,D,2010-07-01,,,,,,2017-10-04,,,,,,,,,,Y,,,,,,,,,,,,2017-07-20
2327092,,CK996625,739307256S,,V,,,,2017-05-01,,2010-08-16,2013-06-10,2013-07-13,2013-12-02,,ACT,2014-06-30,RO17,,,,,,,SBODE,,1994,,8151908,,2017-11-02,2017-11-02,,57,,,,,,,,,,Y,1,,5,,,A,N,,D,2,D,2010-08-06,,,,,,2013-07-13,X,,,,,,,2010-10-28,,Y,,,,2013-12-02,,,,,,,,
2334667,,CK437899,987397150S,,V,,,,2017-08-08,,2010-08-11,2012-09-25,2012-10-16,2017-04-19,,ACT,2017-04-27,RO49,,,,,,,SBODE,,1894,,1772613,,2017-10-19,2017-10-19,,57,,,,,,,,,,Y,1,,,,,A,N,,D,2,D,2009-10-23,2015-01-22,2016-10-27,,,,2017-10-03,,,,,,,,2010-08-11,,,,,,,,,,,,,,2017-04-19
2346090,,164215,602275000S,,V,,,,2017-06-15,,2010-09-28,2013-08-13,2013-08-26,2013-12-05,,ACT,2014-06-16,RO04,,,,,,,SBODE,,362,,6781996,,2017-12-05,2017-12-05,,57,,,,,,,,,,Y,1,,5,,,A,N,,D,2,D,2009-10-20,,,,,,2013-09-16,X,,,,,,,2010-09-28,,,,,,2013-12-05,,,,,,,,
2360829,,CK1015115,471395532S,,,,,,,,2010-10-28,2013-12-05,2013-12-27,2014-09-02,,ACT,2014-09-02,RO17,,,,,,,SBODE,,,,6311465,,2017-10-13,2017-10-13,,57,,,,,,,,,,Y,1,,,,,A,N,,I,2,D,2010-09-03,,,,,,2013-12-27,X,,,,,,,2010-11-30,,Y,,,,2014-09-02,,,,,,,,
2362049,,CK1015796,473218778S,,V,,,,,,2010-09-30,2013-04-08,2013-06-05,2015-06-01,,ACT,2015-06-01,RO44,,,,,,,SBODE,,1860,,1334288,,2017-11-29,2017-11-29,,AABSHIRE,,,,,,,,,,Y,1,,6,,,A,N,,D,2,D,2010-08-16,2014-03-20,2015-04-29,2016-11-14,,,2013-06-05,X,,,,,,,2010-11-30,,,,,,2015-06-01,,,,,,,,
2362159,,CK1015874,906718793S,,,,,,2017-10-18,,2010-10-14,2011-05-03,2011-07-06,2015-04-17,,ACT,2015-04-17,RO43,,,,,,,SBODE,,1319,,3821400,,2017-11-29,2017-11-29,,57,,,,,,,,,,Y,1,,,,,A,N,,B,5,D,2010-08-17,,,,,,,,,,,,,,2010-10-14,,,,,,,,,,,,,,
2367429,2016-05-20,197071,701305078S,,,,,,,,2010-10-13,2011-01-14,2011-02-03,,,HIS,2016-07-29,RO19,,D,02,,,,SBODE,,1041,,9653588,,2016-09-26,2016-09-26,,99,,805,,,,1,,,,Y,1,3,2,,,R,N,,T,1,D,2010-07-30,2016-06-27,,,,,,,,,,,,,2010-10-13,,,RO97,,,,,,,,,,,2018-04-15
2371804,,CK811066,957327938S,,V,,,,,,2010-11-23,2011-08-29,2011-09-20,2015-09-10,,ACT,2015-09-10,RO17,2,,,,,,SBODE,,,,5134909,,2017-08-28,2017-08-28,,57,,,,,,,,,,Y,1,,5,,,A,N,,T,2,D,2010-09-07,,,,,,2011-09-20,X,,,,,,,2010-11-23,,Y,,,,2015-09-10,,,,,,,,
2381692,,CK1026646,536580155S,,V,,,,,,2010-11-18,2014-05-09,2014-06-24,2015-07-27,,ACT,2015-07-27,RO44,,,,,,,00,,000,,8264534,,2017-11-08,2017-11-08,,57,,000,,,,,,,,Y,1,,,,,A,N,,D,2,D,2010-09-21,,,,,,2014-06-24,X,,,,,,,2010-11-18,,,,,,2016-08-10,,,,,,,,
2382444,,CK1027056,550533410S,,,,,,2017-06-15,,2010-11-30,2013-06-05,2013-06-28,2016-01-20,,ACT,2016-01-29,RO62,,,,,,,SBODE,,1849,,9354225,,2017-11-30,2017-11-30,,57,,,,,,,,,,,1,,,,,A,N,,H,5,D,2010-10-22,2016-01-19,,,,,,,,,,,,,,,,,,,,,,,,,,,
2389027,,CK645601,527290185S,,V,,,,,,2010-12-23,2014-09-29,2014-10-22,2015-05-15,,ACT,,RO46,,,,,,,SBODE,,,,5801953,,2017-08-30,2017-08-30,,57,,,,,,,,,,Y,1,,,,,,N,,D,2,D,2010-12-09,,,,,,2014-10-22,,,,,,,,2011-03-14,,Y,,,,,,,,,,,,
2391296,,CK637017,532493780S,,,,,,2017-02-15,,2010-12-30,2013-12-20,2014-01-21,2016-05-17,,ACT,2016-05-21,RO28,,,,,,,SBODE,,,,8145389,,2017-12-08,2017-12-08,,57,,,,,,1,,,,,1,,,,,A,N,,D,5,P,2010-02-23,,,,,,,,,,,,,,,,,,,,,,,,,,,,2016-05-17
2394756,,CK426265,473949326S,,,,,,,,2011-01-05,2011-02-02,2011-07-06,2017-10-10,,ADV,2017-10-10,RO19,,,,,,,SBODE,,,,8583142,,2011-01-12,2011-01-12,,77,,,,,,,,,,Y,1,,,,,A,N,,D,2,D,2010-12-10,2011-05-09,2012-02-29,2017-09-22,,,2011-07-06,X,,,,,,,2011-01-26,,,,,,2017-10-10,,,,,,,,
2397325,,CK1035528,828617878S,,V,,,,2017-07-20,,2010-10-29,2011-12-16,2012-02-01,2017-02-22,,ACT,2017-06-08,RO01,,,,,,,SBODE,,2032,,4213903,,2017-12-06,2017-12-06,,57,,,,,,,,,,,1,,5,,,A,N,,D,2,D,2010-08-17,,,,,,2012-02-01,X,,,,,,,,,,,,,2017-02-03,,,,,,,,2017-02-22
2399281,,CK1036639,274104172S,,V,,,,,,2011-01-17,2014-06-23,2014-07-03,2015-07-08,,ACT,,RO17,,,,,,,00,,000,,6189921,,2017-11-13,2017-11-13,,57,,000,,,,,,,,Y,1,,,,,,N,,T,2,P,2010-07-19,,,,,,2014-07-03,X,,,,,,,2011-01-17,,Y,,,,2015-07-08,,,,,,,,
2401498,,CK1037922,759890733S,,V,,,,,,2011-01-21,2013-08-06,2013-10-07,2017-10-02,,ACT,2017-10-02,RO62,,,,,,,SBODE,,,,1991536,,2017-10-05,2017-10-05,,57,,,,,X,,,,,,1,,,,,A,N,,I,2,D,2010-12-20,,,,,,2013-10-07,X,,,,,,,,,,,,,2017-10-02,,,,,,,,2017-10-02
2401588,,CK1037973,768894812S,,,,,,,,2011-01-24,2012-06-14,2012-07-05,2016-11-04,,ACT,2017-01-05,RO48,,,,,,,SBODE,,1250,,2492629,,2017-12-06,2017-12-06,,57,,,,,,,,Y,,Y,1,,,,,A,N,,T,5,D,2011-01-10,2015-09-11,,,,,,,,,,,,,2011-01-24,,,,,,,,,,,,,,2016-11-04
2405131,,CK1039886,360398060S,,V,,,,,,2010-09-24,2011-08-25,2011-09-08,2015-06-05,,ACT,2015-06-05,RO82,,,,,,,,,1250,,8884851,,2017-12-01,2017-12-01,,57,,,,,,,,Y,,,1,,,,,A,N,,L,2,D,2010-09-04,,,,,,2011-09-08,X,,,,,,,,,,,,,2017-12-01,,,,,,,,
2405952,,CK1040404,799659005S,,,,,,,,2011-02-02,2012-05-30,2012-06-19,2014-12-24,,ACT,2016-09-26,RO17,,,,,,,00,,000,,8576100,,2017-11-16,2017-11-16,,57,,000,,,,,,,,Y,1,,,,,A,N,,I,2,D,2011-01-19,,,,,,2012-06-19,X,,,,,,,2011-02-02,,Y,,,,2014-12-24,,,,,,,,
2406262,,CK1040560,263717075S,,V,,,,,,2011-02-07,2015-02-19,2015-03-02,2017-04-18,,ACT,,RO20,,,,,,,00,,000,,2922315,,2017-08-25,2017-08-25,,57,,000,,,,,,,,Y,1,,,,,,N,,D,2,D,2011-01-26,2016-08-20,,,,,2015-03-02,X,,,,,,,2011-02-07,,,,,,2017-04-18,,,,,,,,2017-04-18
2429027,,CK956440,957286324S,,V,,,,,,2011-03-25,2014-08-08,2014-08-21,2015-01-30,,ACT,2015-05-20,RO01,,,,,,,SBODE,,,,5279862,,2017-12-06,2017-12-06,,57,,,,,,,,,,,1,,6,,,A,N,,T,2,P,2010-07-30,,,,,,2014-08-21,X,,,,,,,,,,,,,2015-01-29,,,,,,,,
2429085,,63698,692291635S,,V,,,,,,2011-03-22,2015-02-10,2015-02-23,2016-04-21,,ACT,2016-04-21,RO44,,,,,,,SBODE,,,,9740250,,2017-11-29,2017-11-29,,33,,,,,,,,,,Y,1,,6,,,A,N,,D,2,D,2011-02-25,2016-03-09,,,,,2015-02-23,X,,,,,,,2011-03-22,,,,,,2016-08-04,,,,,,,,2016-04-21
2430857,2017-12-08,CK175496,975191063S,,V,,,,,,2011-04-01,2013-10-04,2013-12-06,2015-02-03,,HIS,,RO48,,,02,,,,SBODE,,107,,2927900,,2017-12-08,2017-12-08,,99,,471,,,,1,,,,Y,1,1,6,,,,N,,D,2,D,2011-02-25,,,,,,,,,,,,,,2011-04-01,,,,,,,,,,,,,,
2439387,,CK1058046,154406043S,,,,,,,,2011-04-20,2013-01-30,2013-02-28,2014-07-08,,ACT,2014-08-11,RO16,,,,,,,SBODE,,773,,9922179,,2017-12-05,2017-12-05,,57,,,,,X,,,,,Y,1,,5,,,A,N,,I,2,D,2011-02-03,,,,,,2013-02-28,X,,,,,,,2011-04-20,,Y,,,,2014-07-08,,,,,,,,
2447082,,CK451183,710843014S,,V,,,,2017-09-19,,2011-05-10,2014-01-07,2014-02-24,2015-11-10,,ACT,2015-12-14,RO45,,,,,,,SBODE,,,,1779747,,2017-10-13,2017-10-13,,57,,,,,,,,,,Y,1,,,,,A,N,,D,2,P,2011-02-24,,,,,,2017-09-22,X,,,,,,,2011-05-10,,,,,,2017-10-16,,,,,,,,
2452290,,CK1064765,500391706S,,V,,,,2017-03-02,,2011-05-20,2012-09-18,2012-09-26,2016-07-23,,ACT,,RO01,,,,,,,SBODE,,1319,,8968639,,2017-10-26,2017-10-26,,57,,,,,,,,,,,1,,5,,,,N,,D,2,D,2011-05-12,,,,,,2012-09-26,X,,,,,,,,,,,,,2016-07-23,RO49,2012-09-13,2012-09-18,4,,,,
2453805,,CK1065559,309047200S,,V,,,,,,2011-05-24,2012-10-29,2012-12-26,2017-10-26,,ACT,2017-10-26,RO39,,,,,,,SBODE,,,,9864886,,2017-11-03,2017-11-03,,57,,,,,,,,,,Y,1,,,,,A,N,,D,2,D,2011-04-28,2017-10-17,,,,,2012-12-26,X,,,,,,,2011-06-20,,,,,,2017-10-26,,,,,,,,
2520489,,CK1100530,190085685S,,V,,,,,,2011-09-22,2014-03-19,2014-04-04,2014-06-11,,ACT,2014-06-11,RO22,,D,,,,,SBODE,,1860,,9304376,,2017-12-08,2017-12-08,,AABSHIRE,,,,,,,,,,Y,1,,6,,,A,N,,T,2,D,2011-05-09,,,,,,2014-04-04,X,,,,,,,2011-09-22,,,,,,2014-06-11,,,,,,,,
2537880,2017-09-18,CK1109434,582074255S,,V,,,,,,2011-12-16,2012-09-28,2012-10-12,2017-02-16,,REM,,RO07,,D,02,,,,SBODE,,1072,,5482496,,2017-09-18,2017-09-18,,97,,955,,,,,,,,Y,1,3,6,,,,N,,I,2,P,2011-08-08,2013-02-08,2014-08-14,2016-02-05,,,,,,,,,,,2012-02-21,,,RO97,,,,,,,,,,,
2556987,,CK1118884,750998600S,,V,,,,,,2012-01-31,2013-01-25,2013-01-31,2017-07-19,,ACT,2017-07-19,RO39,,,,,,,SBODE,,1860,,2053383,,2017-12-06,2017-12-06,,SRITCHIE,,,,,,,,,,Y,1,,6,,,A,N,,A,2,D,2011-11-23,2017-06-15,,,,,2013-01-31,X,,,,,,,2012-02-16,,,,,,2017-07-19,,,,,,,,2017-07-19
2558720,,CK1119783,231439628S,,,,,,,,2012-02-06,2014-11-14,2015-01-11,2017-05-23,,ACT,2017-05-23,RO14,,,,,,,00,,000,,4961779,,2017-10-26,2017-10-26,,81,,000,,,,,,,,Y,1,,1,,,A,N,,T,1,D,2011-08-09,,,,,,,,,,,,,,2012-04-02,,Y,,,,,,,,,,,,2017-05-23
2569926,,31EE7C66,827234422S,,,,,,2017-03-27,,2012-02-29,2012-08-28,2012-08-31,2016-07-13,,ACT,2016-07-13,RO35,,D,,,,,00,,1690,,4537218,,2017-12-07,2017-12-07,,AABSHIRE,,000,,,,1,,,,,1,,4,,,A,N,,V,5,D,2011-03-14,2014-07-22,,,,,,,,,,,,,,,,,,,,,,,,,,,2016-07-13
2571277,2016-03-14,CK1126150,416322111S,,,,,,,,2012-02-21,2012-08-21,2012-10-25,2013-04-29,,REM,,RO19,,D,02,,,,SBODE,,1309,,2063945,,2016-03-19,2016-03-19,,50,,797,,,,1,,,,,1,3,,,,,N,,L,2,D,2011-06-27,,,,,,2012-10-25,X,,,,,,,,,,RO97,,,2016-06-15,,,,,,,,
2572888,,CK1126950,192920593S,,V,,,,,,2012-03-13,2013-04-05,2013-04-19,2016-11-01,,ACT,2017-06-27,RO55,,,,,,,SBODE,,,,5714392,,2017-12-05,2017-12-05,,18,,,,,,,,,,Y,1,,6,,,A,N,,A,2,D,2012-02-21,2016-09-13,,,,,2014-07-28,X,,,,,,,2012-03-13,,,,,,2017-03-20,,,,,,,,
2575333,,CK1128205,586864247S,,,,,,,,2012-03-21,2014-06-30,2014-07-10,2015-09-08,,ACT,2015-10-08,RO16,,,,,,,SBODE,,,,7065618,,2017-09-14,2017-09-14,,81,,,,,,,,,Y,Y,1,,5,,,A,N,,T,2,P,2012-03-05,,,,,,,,,,,,,,2012-03-21,,,,,,,,,,,,,,
2581243,,CK753132,772437875S,,,,,,2017-01-25,,2007-10-23,2012-04-11,2012-04-19,2016-06-26,,ACT,,RO13,,,,,,,SBODE,,1443,,3388973,,2017-12-06,2017-12-06,,JHOEGER,,,,,,1,,,,,1,,5,,,,N,,D,5,P,2007-10-09,,,,,,,,,,,,,,,,Y,,,,,,,,,,,,2016-06-26
2591483,,CK1136331,120649352S,,V,,,,,,2012-04-24,2014-05-01,2014-05-19,2015-06-04,,ACT,,RO45,,,,,,,SBODE,,1980,,3154279,,2017-12-08,2017-12-08,,AABSHIRE,,,,,,,,,,Y,1,,6,,,,N,,A,2,D,2012-03-14,,,,,,2015-06-05,X,,,,,,,2012-04-24,,,,,,2017-02-07,,,,,,,,
2611462,,CK413522,377753629S,,V,,,,2017-09-11,,2012-06-05,2014-09-16,2014-09-23,2015-02-04,,ACT,2015-05-26,RO17,,,,,,,00,,000,,2774484,,2017-09-22,2017-09-22,,57,,000,,,,,,,,,1,,,,,A,N,,A,2,D,2012-04-10,,,,,,2014-09-23,X,,,,,,,,,Y,,,,2015-03-25,,,,,,,,
2612208,,CK1146726,911894364S,,V,,,,,,2012-05-21,2013-04-23,2013-05-14,2013-06-17,,ACT,2014-08-12,RO16,,,,,,,,,,,3664073,,2017-11-21,2017-11-21,,57,,,,,,1,,,,,1,,5,,,A,N,,I,2,D,2012-05-11,,,,,,2013-05-14,X,,,,,,,,,Y,,,,2013-07-31,,,,,,,,
2613449,,CK607198,742758885S,,V,,,,,,2011-10-26,2014-04-10,2014-06-10,2016-12-19,,ACT,2016-12-28,RO27,,,,,,,00,,000,,7986108,,2017-08-24,2017-08-24,,57,,000,,,,,,,,Y,1,,,,,A,N,,D,2,D,2011-09-15,,,,,,2014-06-10,X,,,,,,,2012-07-26,,,,,,2016-10-31,,,,,,,,2016-12-19
2613663,,CK1147500,877740420S,,V,,,,,,2012-06-11,2013-08-29,2013-10-07,2017-10-30,,ACT,2017-11-01,RO45,,,,,,,SBODE,,,,3539273,,2017-11-03,2017-11-03,,57,,,,,,,,,,Y,1,,,,,A,N,,H,2,D,2011-10-03,2017-10-19,,,,,2013-10-07,X,,,,,,,2012-11-27,,,,,,2017-10-30,,,,,,,,2017-10-30
2613939,,CK913880,159417114S,,V,,,,,,2012-06-12,2015-08-05,2015-08-17,2015-10-22,,ACT,2015-10-22,RO17,,,02,,,,00,,000,,7436920,,2017-09-27,2017-09-27,,57,,000,,,,,,Y,,Y,1,,,,,A,N,,I,2,D,2012-04-23,,,,,,2015-08-17,X,,,,,,,2012-06-12,,Y,,,,2015-10-22,,,,,,,,
2618084,,CK1149740,670363235S,,,,,,,,2012-06-12,2014-11-05,2014-11-25,2016-10-11,,ACT,2016-10-11,RO43,,,,,,,SBODE,,,,8568008,,2017-11-01,2017-11-01,,57,,,,,,,,,,Y,1,,,,,A,N,,I,2,D,2011-06-17,2016-08-30,,,,,,,,,,,,,2012-07-20,,Y,,,,,,,,,,,,2016-10-11
2624973,,CK1153037,906201391S,,,,,,,,2012-05-17,2015-12-22,2016-02-12,2016-11-14,,ACT,2016-11-14,RO25,,,,,,,SBODE,,,,7075477,,2017-11-27,2017-11-27,,57,,,,,,,,,,Y,1,,3,,,A,N,,A,5,D,2011-05-16,2016-10-13,,,,,,,,,,,,,2014-04-01,,Y,,,,,,,,,,,,2016-11-14
2629136,,CK1155066,532453124S,,V,,,,,,2012-07-18,2015-10-28,2015-11-18,2016-03-03,,ACT,2016-03-03,RO17,,,,,,,SBODE,,,,5096117,,2017-08-24,2017-08-24,,57,,,,,,,,,,Y,1,,,,,A,N,,D,2,P,2012-07-02,,,,,,2015-11-18,,,,,,,,2012-07-18,,Y,,,,,,,,,,,,
2630817,,CK1155853,305073296S,,V,,,,,,2012-07-27,2015-03-05,2015-04-13,2016-05-25,,ACT,2016-05-25,RO48,,,,,,,SBODE,,,,8271217,,2017-09-05,2017-09-05,,57,,,,,,,,,Y,Y,1,,3,,,A,N,,I,2,D,2012-03-20,,,,,,2015-04-13,X,,,,,,,2012-07-27,,,,,,2016-05-25,,,,,,,,2016-05-25
2632405,,CK1156616,675299200S,,,,,,,,2012-07-25,2013-12-19,2014-02-19,2015-09-14,,ACT,2015-09-14,RO20,,,,,,,00,,1177,,3868325,,2017-11-16,2017-11-16,,57,,000,,,,,,,,,1,,,,,A,N,,K,5,D,2012-07-16,2015-06-10,,,,,,,,,,,,,,,,,,,,,,,,,,,
2637663,,CK1159413,569179902S,,,,,,,,2012-08-13,2013-11-01,2013-11-08,2016-10-17,,ACT,,RO23,,,,,,,SBODE,,2043,,9621004,,2017-12-05,2017-12-05,,57,,,,,,,,,,,1,,,,,,N,,T,5,D,2012-06-08,2016-04-16,2016-08-30,,,,,,,,,,,,,,,,,,,,,,,,,,2016-10-17
2639528,,CK1160360,166274584S,,V,,,,,,2012-07-09,2013-03-19,2013-03-28,2017-10-26,,ACT,2017-10-26,RO19,,,,,,,SBODE,,,,9135099,,2017-11-03,2017-11-03,,57,,,,,,,,,,,1,,,,,A,N,,T,2,D,2012-06-20,2013-07-11,2015-09-01,2017-10-17,,,2013-03-28,,,,,,,,,,,,,,,,,,,,,,
2640781,,CK1161031,788282292S,,,,,,,,2012-08-16,2013-06-25,2013-08-12,2015-11-16,,ADV,2015-11-16,RO19,,,,,,,SBODE,,,,6858224,,2012-08-22,2012-08-22,,77,,,,,,,,,,,1,,5,,,A,N,,A,2,D,2012-07-20,,,,,,2013-08-12,X,,,,,,,,,,,,,2017-08-09,,,,,,,,
2644189,,CK726509,524443444S,,V,,,,,,2012-08-24,2015-01-15,2015-03-02,2015-10-07,,ACT,,RO01,,,,,,,SBODE,,,,9031575,,2017-09-05,2017-09-05,,57,,,,,,,,,,,1,,,,,,N,,D,2,P,2012-08-13,2015-07-10,,,,,2015-03-02,X,,,,,,,,,Y,,,,2015-10-07,,,,,,,,
2653610,,242916,556294615S,,V,,,,,,2012-08-08,2014-05-14,2014-06-18,2015-09-14,,ACT,2015-09-14,RO17,,,,,,,00,,000,,1843879,,2017-09-15,2017-09-15,,57,,000,,,,,,,,Y,1,,,,,A,N,,D,2,D,2012-06-19,,,,,,2014-06-18,X,,,,,,,2013-05-29,,Y,,,,2015-09-14,,,,,,,,
2657116,,CK1169079,598042239S,,V,,,,,,2012-08-23,2014-07-18,2014-08-05,2015-02-25,,ADV,2015-06-02,RO18,,,,,,,SBODE,,,,4231840,,2012-09-28,2012-09-28,,77,,,,,,,,,,Y,1,,6,,,A,N,,T,2,D,2011-09-12,,,,,,2014-08-05,X,,,,,,,2012-08-23,,,,,,2015-04-03,,,,,,,,
2657227,,CK632805,169397130S,,V,,,,,,2012-08-23,2014-08-26,2014-09-12,2014-11-10,,ACT,2015-06-03,RO18,,,,,,,SBODE,,,,8170877,,2017-11-13,2017-11-13,,38,,,,,,,,,,Y,1,,6,,,A,N,,A,2,D,2011-12-15,,,,,,2014-09-12,X,,,,,,,2012-08-23,,,,,,2014-12-13,,,,,,,,
2668454,,CK323195,406142656S,,V,,,,,,2012-10-24,2015-01-09,2015-03-10,2016-02-19,,ACT,2016-02-19,RO17,,,,,,,SBODE,,,,7641416,,2017-09-07,2017-09-07,,57,,,,,,,,,Y,Y,1,,3,,,A,N,,A,2,D,2012-10-12,,,,,,2015-03-10,X,,,,,,,2012-10-24,,Y,,,,2016-02-19,,,,,,,,
2676920,,CK121382,324661349S,,,,,,,,2012-11-05,2014-05-21,2014-06-11,2017-03-07,,ADV,2017-03-07,RO19,,,,,,,SBODE,,,,4471624,,2012-11-16,2012-11-16,,77,,,,,,,,,,Y,1,,,,,A,N,,D,2,D,2012-10-03,2016-12-07,,,,,2014-06-11,X,,,,,,,2012-12-27,,,,,,2017-08-09,,,,,,,,
2683673,,CK589358,832793277S,,V,,,,,,2012-11-07,2016-05-17,2016-06-13,2016-09-07,,ACT,2016-09-07,RO17,,,,,,,MHALEY,,,,5854446,,2017-08-29,2017-08-29,,57,,,,,,,,,,Y,1,,,,,A,N,,D,2,D,2012-10-11,,,,,,2016-06-13,,,,,,,,2012-11-07,,Y,,,,,,,,,,,,2016-09-07
2687879,,149670,317484420S,,V,,,,,,2012-12-12,2013-06-27,2013-07-16,2017-06-16,,ACT,2017-06-16,RO39,,,,,,,AHUDSON,,2046,,4048615,,2017-12-08,2017-12-08,,AABSHIRE,,,,,,,,,,Y,1,,6,,,A,N,,I,2,D,2012-11-27,2017-05-22,,,,,2013-07-16,X,,,,,,,2012-12-12,,,,,,2017-06-16,,,,,,,,2017-06-16
2713160,,CK1196324,520557976S,,,,,,,,2013-02-07,2014-07-25,2014-08-01,2015-04-01,,ADV,2015-04-01,RO19,,,,,,,00,,000,,2681409,,2014-10-14,2014-10-14,,77,,000,,,,,,,,,1,,,,,A,,,A,2,D,2012-12-31,2015-02-13,,,,,2014-08-01,X,,,,,,,,,,,,,2015-04-01,,,,,,,,
2727431,,CK1203179,325010811S,,V,,,,,,2013-03-12,2014-03-25,2014-05-22,2016-01-20,,ACT,2016-01-20,RO45,,D,,,,,AHUDSON,,1860,,9710490,,2017-12-07,2017-12-07,,AABSHIRE,,,,,,,,,,,1,,6,,,A,N,,D,2,D,2012-03-14,,,,,,2014-05-22,X,,,,,,,,,,,,,2016-01-20,,,,,,,,
2752781,,CK468447,933747849S,,V,,,,,,2013-03-26,2014-07-07,2014-07-14,2015-01-28,,ACT,2015-06-03,RO18,,,,,,,CRUSSEL,,,,6073529,,2017-11-21,2017-11-21,,81,,,,,,,,,,Y,1,,5,,,A,N,,T,2,D,2013-03-12,,,,,,2014-07-14,X,,,,,,,2013-03-26,,,,,,2015-01-28,,,,,,,,
2760964,2017-09-07,280665,872958715S,,,,,,,,2013-05-31,2014-03-18,2014-04-21,2017-05-02,,REM,,RO14,,D,02,,,,SBODE,,747,,7703707,,2017-09-12,2017-09-12,,98,,909,,,,,,,,Y,1,3,,,,,N,,D,1,D,2012-08-28,2017-04-24,,,,,,,,,,,,,2013-05-31,,,RO97,,,,,,,,,,,
2765550,,CK1222085,696650437S,,V,,,,,,2013-05-02,2014-05-05,2014-06-25,2015-01-30,,ADV,2015-08-17,RO18,,,,,,,CRUSSEL,,,,4671070,,2013-06-14,2013-06-14,,77,,,,,,,,,,Y,1,,6,,,A,N,,T,2,D,2012-05-24,,,,,,2014-06-25,X,,,,,,,2013-07-15,,,,,,2015-04-15,,,,,,,,
2766972,,CK1222811,550356823S,,,,,,,,2013-06-15,2014-01-24,2014-02-28,2017-11-30,,ADV,,RO19,,,,,,,CRUSSEL,,,,1580670,,2013-06-19,2013-06-19,,77,,,,,X,,,,,,1,,,,,,N,,D,2,D,2013-05-03,2016-02-25,2017-02-27,2017-09-12,,,2017-05-03,X,,,,,,,,,,,,,2017-11-30,,,,,,,,2017-11-30
2771149,,CK1224920,963360019S,,,,,,,,2015-04-09,2017-07-24,2017-08-17,,,ADV,,RO17,,,,,,,MHALEY,,,,1288846,,2013-06-27,2013-06-27,,77,,,,,,,,,,Y,1,,,,,,,,D,5,D,2014-10-14,,,,,,,,,,,,,,,,Y,,,,,,,,,,,,
2774535,,CK1226761,783740847S,,V,,,,,,2015-09-30,2017-03-20,2017-03-29,,,ADV,,RO62,,,,,,,AHUDSON,,,,9960410,,2013-07-05,2013-07-05,,77,,,,,,,,,,Y,1,,,,,,,,I,2,D,2015-03-10,,,,,,2017-03-29,X,,,,,,,2015-09-30,,,,,,2017-04-11,,,,,,,,2017-04-11
2798946,,CK1239834,265036192S,,,,,,,,2013-08-22,2014-07-01,2014-07-31,2016-04-27,,ADV,2016-04-27,RO19,,,,,,,CRUSSEL,,,,1635222,,2013-08-26,2013-08-26,,77,,,,,,,,,,,1,,,,,A,,,D,2,D,2012-10-23,2016-02-19,,,,,2014-07-31,X,,,,,,,,,,,,,2017-08-09,,,,,,,,
2800804,,CK306306,492937930S,,V,,,,,,2013-08-20,2014-04-25,2014-05-19,2016-08-19,,ACT,,RO45,,,,,,,AHUDSON,,1781,,9096033,,2017-12-08,2017-12-08,,AABSHIRE,,,,,,,,,,,1,,6,,,,N,,D,2,D,2013-07-08,2016-07-18,,,,,2014-05-19,X,,,,,,,,,,,,,2016-08-19,,,,,,,,2016-08-19
2816809,,31BF258F,398981571S,,V,,,,,,2013-07-26,2015-03-17,2015-04-06,2015-09-17,,ADV,2015-09-23,RO18,,,,,,,CRUSSEL,,,,2206024,,2013-09-30,2013-09-30,,77,,,,,,,,,,Y,1,,6,,,A,N,,A,2,D,2013-07-15,,,,,,2015-04-06,X,,,,,,,2013-07-26,,N,,,,2015-09-23,,,,,,,,
2841541,,CK1263859,326941735S,,,,,,,,2013-10-04,2016-02-09,2016-02-12,2016-09-28,,ACT,2016-09-28,RO19,,,,,,,CRUSSEL,,,,4836675,,2017-11-27,2017-11-27,,57,,,,,,,,,,Y,1,,,,,A,N,,I,5,D,2013-09-23,2016-08-16,,,,,,,,,,,,,2014-08-16,,,,,,,,,,,,,,
2842610,,CK1264459,495687809S,,V,,,,,,2013-09-16,2014-09-15,2014-09-19,2016-11-04,,ACT,2016-11-04,RO43,,,,,,,00,,000,,4153914,,2017-12-06,2017-12-06,,57,,000,,,,,,,,Y,1,,6,,,A,N,,B,2,D,2013-06-19,,,,,,2014-09-19,X,,,,,,,2013-12-11,,,,,,2016-11-04,,,,,,,,2016-11-04
2844256,,CK1265396,547586164S,,,,,,,,2013-10-18,2016-09-26,2016-10-12,2016-10-27,,ACT,2016-10-27,RO17,,,,,,,MHALEY,,,,4163883,,2017-09-07,2017-09-07,,57,,,,,,,,,,,1,,,,,A,N,,A,5,D,2013-09-13,,,,,,,,,,,,,,,,Y,,,,,,,,,,,,2016-10-27
2848650,,CK285560,193102578S,,V,,,,,,2013-09-30,2015-09-08,2015-10-06,2016-10-06,,ACT,,RO17,,,,,,,MHALEY,,,,2823576,,2017-09-12,2017-09-12,,57,,,,,,,,,,,1,,,,,,N,,A,2,D,2012-11-28,,,,,,2015-11-20,,,,,,,,,,Y,,,,,,,,,,,,2016-10-06
2850540,,CK1036526,774097008S,,V,,,,,,2013-12-11,2015-04-08,2015-05-23,2016-10-07,,ACT,2016-10-12,RO16,,,,,,,00,,000,,5127871,,2017-09-13,2017-09-13,,57,,000,,,,,,,,Y,1,,,,,A,N,,A,2,D,2013-10-02,,,,,,2015-05-23,X,,,,,,,2013-12-11,,Y,,,,2017-09-27,,,,,,,,2016-10-07
2851278,,CK1269199,588364519S,,V,,,,,,2013-12-12,2016-03-04,2016-03-29,2017-03-30,,ACT,2017-03-30,RO19,,,,,,,CRUSSEL,,,,1383547,,2017-09-11,2017-09-11,,57,,,,,,,,,,Y,1,,,,,A,N,,D,2,D,2013-11-20,,,,,,2016-03-29,X,,,,,,,2015-01-29,,,,,,2017-03-27,,,,,,,,
2856311,,CK1271918,434922592S,,V,,,,2017-10-17,,2013-07-18,2014-04-21,2014-06-19,2015-05-19,,ACT,2015-05-19,RO29,,,,,,,SBODE,,,,9850850,,2017-10-17,2017-10-17,,57,,,,,,,,,,Y,1,,,,,A,N,,A,2,D,2012-12-21,,,,,,2014-06-19,X,,,,,,,2014-02-26,,,,,,2015-05-19,,,,,,,,
2856924,,CK1272236,816789632S,,V,,,,,,2013-12-30,2014-01-08,2014-01-31,2016-09-09,,ACT,2016-09-15,RO62,,,,,,,AHUDSON,,1735,,8335080,,2017-11-07,2017-11-07,,57,,,,,X,,,,,,1,,5,,,A,N,,L,2,D,2013-04-03,,,,,,2014-01-31,X,,,,,,,,,,,,,2017-04-03,,,,,,,,2016-09-09
2857767,,CK1272696,139281836S,,,,,,,,2013-12-11,2015-04-21,2015-05-28,2015-12-22,,ACT,2015-12-22,RO19,,,02,,,,00,,000,,6244643,,2017-09-06,2017-09-06,,57,,000,,,,,,,,Y,1,,,,,A,N,,A,2,D,2013-11-25,,,,,,,,,,,,,,2014-07-31,,,,,,,,,,,,,,
2858248,,CK1272998,234537121S,,V,,,,,,2013-12-30,2015-03-13,2015-03-31,2015-05-11,,ACT,2015-05-11,RO48,,,,,,,AHUDSON,,,,2434875,,2017-09-06,2017-09-06,,57,,,,,,,,,,Y,1,,,,,A,N,,I,2,D,2013-12-16,,,,,,2015-03-31,X,,,,,,,2013-12-30,,,,,,2015-05-11,,,,,,,,
2860174,,CK1273993,836599162S,,V,,,,,,2013-12-27,2017-09-15,2017-10-04,2017-10-28,,ACT,2017-10-28,RO62,,,,,,,AHUDSON,,,,8419024,,2017-11-13,2017-11-13,,57,,,,,,,,,,,1,,,,,A,N,,I,2,D,2013-08-29,,,,,,2017-10-04,X,,,,,,,,,,,,,2017-10-28,,,,,,,,2017-10-28
2860194,,CK804056,833066187S,,V,,,,,,2014-01-08,2015-01-12,2015-03-09,2017-03-06,,ACT,2017-03-18,RO48,,,,,,,00,,000,,3623651,,2017-09-06,2017-09-06,,57,,000,,,,,,,,Y,1,,,,,A,N,,I,2,D,2013-12-16,,,,,,2015-03-09,X,,,,,,,2014-03-24,,,,,,2017-03-06,,,,,,,,2017-03-06
2860911,,CK1274386,310981445S,,V,,,,,,2011-05-10,2014-03-17,2014-04-11,2015-05-09,,ACT,2015-05-09,RO44,,R,,,,,SBODE,,1116,,5805518,,2017-12-08,2017-12-08,,AABSHIRE,,,,,,,,,,,1,,6,,,A,N,,D,2,D,2011-04-29,2014-05-29,,,,,2014-06-12,X,,,,,,,,,Y,,,,2015-03-25,,,,,,,,
2861831,,CK1274911,190416100S,,V,,,,,,2014-01-10,2014-07-29,2014-09-19,2016-07-22,,ACT,2016-08-20,RO48,,,,,,,AHUDSON,,,,7042417,,2017-09-12,2017-09-12,,57,,,,,,,,,,Y,1,,,,,A,N,,I,2,D,2013-08-14,2016-04-08,,,,,2014-09-19,X,,,,,,,2014-01-10,,,,,,2016-07-22,,,,,,,,2016-07-22
2864624,,CK1276438,961237620S,,,,,,,,2014-01-15,2015-12-17,2016-01-19,2016-05-12,,ACT,2016-05-25,RO31,,,,,,,SBODE,,,,7109184,,2017-10-11,2017-10-11,,57,,,,,,,,,,Y,1,,,,,A,N,,T,2,D,2013-11-21,,,,,,2016-01-19,,,,,,,,2014-02-10,,,,,,,,,,,,,,
2865144,2015-09-28,CK841163,445416757S,,,,,,,,2013-10-08,2014-03-14,2014-03-28,2014-04-23,,REM,,RO19,,R,02,,,,SBODE,,505,,3994192,,2015-09-28,2015-09-28,,50,,945,,,,1,,,,,1,1,,,,,N,,T,5,D,2013-07-15,,,,,,2014-03-28,X,,,,,,,,,,RO19,,,2017-11-01,,,,,,,,
2866269,,CK1277417,585475401S,,,,,,,,2014-01-14,2015-06-26,2016-02-09,2017-07-31,,ACT,2017-07-31,RO25,,,,,,,00,,000,,9301081,,2017-11-22,2017-11-22,,57,,000,,,,,,,,Y,1,,,,,A,N,,A,5,D,2013-08-02,2016-10-03,,,,,,,,,,,,,2014-03-18,,Y,,,,,,,,,,,,2017-07-31
2866470,,CK1277525,981775045S,,V,,,,,,2013-12-12,2014-06-02,2014-10-21,2014-11-20,,ADV,2014-11-20,RO18,,,,,,,00,,000,,4554797,,2014-10-22,2014-10-22,,77,,000,,,,,,,,Y,1,,5,,,A,N,,T,2,D,2013-08-15,2014-10-08,,,,,2014-10-21,X,,,,,,,2013-12-12,,Y,,,,2014-11-20,,,,,,,,
2866935,,113789,540672320S,,V,,,,,,2014-01-21,2016-07-27,2016-09-07,2016-10-03,,ACT,2016-10-11,RO11,,,,,,,CRUSSEL,,,,2629928,,2017-09-06,2017-09-06,,57,,,,,X,,,,,Y,1,,,,,A,N,,H,2,D,2013-11-26,,,,,,2016-09-07,X,,,,,,,2014-02-07,,,,,,2016-10-03,,,,,,,,2016-10-03
2867283,,CK1277995,925300889S,,,,,,,,2013-12-23,2016-12-14,2017-01-17,2017-03-14,,ACT,2017-03-14,RO17,,,,,,,MHALEY,,,,3226257,,2017-10-27,2017-10-27,,57,,,,,X,,,,,Y,1,,,,,A,N,,D,2,P,2013-10-01,,,,,,2017-01-17,X,,,,,,,2013-12-23,,Y,,,,2017-03-14,,,,,,,,2017-03-14
2867550,,CK310772,707748740S,,V,,,,,,2014-01-23,2015-01-29,2015-02-24,2015-07-23,,ACT,,RO51,,,,,,,SBODE,,,,4420888,,2017-08-29,2017-08-29,,57,,,,,,,,,,Y,1,,,,,,N,,U,2,D,2014-01-14,,,,,,2015-02-24,X,,,,,,,2014-02-04,,Y,,,,2015-07-27,,,,,,,,
2867636,,CK208448,246424277S,,,,,,,,2014-01-09,2014-04-08,2014-05-07,2015-10-07,,ADV,2015-10-07,RO19,,,,,,,00,,000,,9895195,,2015-07-20,2015-07-20,,77,,000,,,X,,,,,,1,,,,,A,,,I,2,D,2013-08-27,2015-07-22,,,,,2014-05-07,X,,,,,,,,,,,,,2017-03-20,,,,,,,,
2868124,,253403,113306363S,,V,,,,,,2014-01-22,2015-11-24,2015-12-09,2016-02-22,,ACT,2016-02-22,RO40,,,,,,,AHUDSON,,,,7083039,,2017-09-06,2017-09-06,,57,,,,,,,,,,Y,1,,,,,A,N,,A,2,D,2013-11-07,2017-05-01,,,,,2015-12-09,X,,,,,,,2014-01-22,,Y,,,,2016-02-22,,,,,,,,
2868344,,CK751605,702473441S,,V,,,,,,2014-01-16,2015-08-18,2015-08-31,2017-01-30,,ACT,2017-01-30,RO44,,,,,,,00,,000,,6382904,,2017-11-29,2017-11-29,,33,,000,,,,,,,,Y,1,,6,,,A,N,,D,2,D,2013-06-01,,,,,,2015-08-31,X,,,,,,,2014-01-16,,,,,,2017-01-30,,,,,,,,
2869549,,CK793315,162428277S,,V,,,,,,2014-01-29,2014-07-30,2014-09-11,2016-10-18,,ACT,2016-11-15,RO48,,,,,,,AHUDSON,,,,8712842,,2017-10-17,2017-10-17,,57,,,,,,,,,,,1,,,,,A,N,,I,2,D,2013-02-04,,,,,,2014-09-11,X,,,,,,,,,,,,,2016-10-18,,,,,,,,2016-10-18
2871148,,CK1280081,600875938S,,,,,,,,2013-07-22,2016-03-30,2016-08-31,2016-10-28,,ACT,2016-10-28,RO13,,,,,,,00,,000,,8412715,,2017-12-07,2017-12-07,,57,,000,,,,,,,,Y,1,,,,,A,N,,D,5,D,2013-03-08,,,,,,,,,,,,,,2014-03-11,,,,,,,,,,,,,,
2871207,,CK1280117,114429403S,,V,,,,,,2013-09-16,2016-09-03,2016-09-26,2016-10-07,,ACT,,RO17,,,,,,,MHALEY,,,,1903808,,2017-08-25,2017-08-25,,57,,,,,,,,,,Y,1,,,,,,N,,T,2,D,2013-07-22,,,,,,2016-09-26,X,,,,,,,2014-10-16,,Y,,,,2016-10-07,,,,,,,,2016-10-07
2872913,,CK656743,888644753S,,V,,,,,,2014-02-04,2015-10-01,2015-11-13,2016-01-14,,ACT,,RO40,,,,,,,AHUDSON,,,,5113643,,2017-10-13,2017-10-13,,57,,,,,,,,,Y,Y,1,,3,,,,N,,D,2,D,2013-08-08,,,,,,2015-11-13,X,,,,,,,2014-02-18,,Y,,,,2016-01-14,,,,,,,,
2872979,,CK532566,368784007S,,V,,,,,,2014-01-14,2015-01-22,2015-02-19,2017-10-24,,ACT,2017-10-27,RO45,,,,,,,00,,000,,2449770,,2017-11-03,2017-11-03,,57,,000,,,,,,,,Y,1,,,,,A,N,,D,2,D,2013-08-02,2017-09-22,,,,,2015-02-19,X,,,,,,,2014-04-09,,,,,,2017-10-24,,,,,,,,2017-10-24
2873420,,27124,411576756S,,V,,,,,,2013-12-18,2014-11-14,2014-12-22,2017-10-14,,ACT,2017-10-14,RO54,,,,,,,00,,000,,3673389,,2017-11-07,2017-11-07,,57,,000,,,X,,,,,Y,1,,,,,A,N,,D,2,P,2013-11-15,2017-09-06,,,,,2014-12-22,X,,,,,,,2013-12-18,,Y,,,,2017-10-14,,,,,,,,2017-10-14
2873731,,CK321293,502307431S,,,,,,,,2014-01-27,2015-01-27,2015-03-03,2015-11-18,,ADV,2015-11-18,RO19,,,,,,,00,,000,,5373241,,2015-11-02,2015-11-02,,77,,000,,,,,,,,Y,1,,,,,A,,,D,2,D,2013-09-25,,,,,,2015-03-03,X,,,,,,,2014-02-21,,,,,,2015-11-18,,,,,,,,
2874031,,CK1281722,910209474S,,V,,,,,,2014-02-04,2015-03-02,2015-03-17,2015-05-04,,ACT,2015-06-17,RO48,,,02,,,,00,,000,,6265385,,2017-10-10,2017-10-10,,57,,000,,,,,,,,Y,1,,,,,A,N,,T,2,D,2014-01-02,,,,,,2015-03-17,X,,,,,,,2014-03-26,,,,,,2015-05-01,,,,,,,,
2874889,,CK759075,591182998S,,,,,,,,2014-02-06,2015-12-07,2016-01-29,2016-02-26,,ACT,2016-02-26,RO31,,,,,,,SBODE,,,,3782758,,2017-09-12,2017-09-12,,57,,,,,,,,,,Y,1,,,,,A,N,,T,2,P,2013-10-25,,,,,,2016-01-29,,,,,,,,2014-02-06,,,,,,,,,,,,,,
2875194,,32B06BCE,410196073S,,V,,,,,,2014-01-16,2016-01-04,2016-03-03,2016-05-11,,ACT,2016-09-13,RO17,,,,,,,MHALEY,,,,4098897,,2017-09-11,2017-09-11,,57,,,,,,,,,,Y,1,,,,,A,N,,A,2,D,2014-01-10,,,,,,2016-03-03,X,,,,,,,,,,,,,2016-05-11,,,,,,,,2016-05-11
2875943,,CK1282864,555612784S,,,,,,,,2014-01-30,2016-08-22,2016-09-21,2017-08-11,,ACT,2017-08-11,RO19,,,,,,,CRUSSEL,,,,8830045,,2017-09-06,2017-09-06,,57,,,,,,,,,,,1,,,,,A,N,,D,2,D,2013-11-01,,,,,,,,,,,,,,,,,,,,,,,,,,,,
2876008,,CK1282908,998451125S,,V,,,,,,2014-02-06,2015-10-22,2015-11-02,2016-05-17,,ACT,2016-05-17,RO48,,,,,,,AHUDSON,,,,4347584,,2017-11-08,2017-11-08,,57,,,,,,,,Y,,Y,1,,3,,,A,N,,I,2,D,2013-03-27,,,,,,2015-11-02,X,,,,,,,2014-02-06,,,,,,2016-03-31,,,,,,,,2016-05-17
2876293,,CK270522,701484192S,,V,,,,,,2014-01-06,2015-11-20,2015-12-02,2016-01-27,,ACT,2016-02-24,RO48,,,,,,,AHUDSON,,,,4313214,,2017-08-30,2017-08-30,,57,,,,,,,,,,Y,1,,,,,A,N,,D,2,D,2013-12-03,2016-01-12,,,,,2015-12-02,X,,,,,,,2015-01-21,,,,,,2016-02-24,,,,,,,,
2876729,,CK781130,524753902S,,V,,,,,,2014-02-10,2014-03-24,2014-06-16,2015-12-09,,ACT,2017-09-18,RO35,,,,,,,SBODE,,,,5938911,,2017-12-06,2017-12-06,,57,,,,,,,,,,Y,1,,6,,,A,N,,V,2,D,2014-01-27,,,,,,2014-06-16,X,,,,,,,2014-02-18,,,,,,2015-12-11,,,,,,,,
2878331,,CK1284278,140791748S,,V,,,,,,2014-02-03,2014-08-12,2014-09-15,2017-06-28,,ACT,2017-06-28,RO19,,,,,,,CRUSSEL,,,,7862274,,2017-09-12,2017-09-12,,57,,,,,,,,,,Y,1,,,,,A,N,,H,2,D,2014-01-11,,,,,,2014-09-15,X,,,,,,,2014-02-03,,,,,,2017-06-28,,,,,,,,
2878844,,CK770541,456536036S,,V,,,,,,2013-12-19,2014-12-01,2014-12-16,2017-11-01,,ACT,2017-11-01,RO22,,,,,,,MHALEY,,,,5026653,,2017-11-13,2017-11-13,,57,,,,,,,,,,Y,1,,,,,A,N,,A,2,D,2013-09-12,,,,,,2014-12-16,X,,,,,,,2013-12-19,,,,,,2017-11-01,,,,,,,,2017-11-01
2878886,,309E3C8D,603628567S,,,,,,,,2014-01-16,2016-02-10,2016-03-04,2016-04-20,,ACT,,RO17,,,,,,,MHALEY,,,,3513879,,2017-09-06,2017-09-06,,57,,,,,,,,,,,1,,,,,,N,,A,2,D,2013-07-09,,,,,,2016-03-04,X,,,,,,,,,,,,,2016-04-20,,,,,,,,2016-04-20
2879438,,CK726136,834248215S,,V,,,,,,2014-02-14,2017-06-08,2017-06-26,2017-08-25,,ACT,,RO16,,,,,,,MHALEY,,,,6871116,,2017-10-12,2017-10-12,,57,,,,,,,,,,Y,1,,,,,,N,,D,2,D,2014-01-13,,,,,,2017-06-26,X,,,,,,,2014-02-14,,,,,,2017-08-25,,,,,,,,2017-08-25
2879794,,CK886370,245620198S,,V,,,,,,2014-01-17,2016-09-30,2016-10-17,2017-05-05,,ACT,2017-05-06,RO49,,,,,,,AHUDSON,,,,2740720,,2017-10-16,2017-10-16,,33,,,,,,,,,Y,Y,1,,6,,,A,N,,I,2,D,2013-08-28,,,,,,2016-10-17,X,,,,,,,2014-03-11,,,,,,2017-09-19,,,,,,,,
2881126,,CK835238,896029665S,,V,,,,,,2014-02-18,2015-03-24,2015-04-14,2016-03-14,,ACT,,RO51,,,,,,,SBODE,,,,1374181,,2017-09-13,2017-09-13,,57,,,,,,,,,,,1,,,,,,N,,T,2,D,2013-11-15,,,,,,2015-04-14,,,,,,,,,,,,,,,,,,,,,,
2881394,,CK1286022,519058774S,,,,,,,,2013-09-03,2015-06-30,2015-08-06,2017-03-03,,ACT,2017-03-03,RO22,,,,,,,MHALEY,,2003,,8189595,,2017-10-25,2017-10-25,,57,,,,,,,,,,Y,1,,,,,A,N,,L,5,D,2013-08-23,2017-02-01,,,,,,,,,,,,,,,,,,,,,,,,,,,2017-03-03
2883675,,31165525,404770578S,,,,,,,,2013-12-17,2016-08-12,2016-09-19,2016-10-11,,ACT,2017-01-06,RO17,,,,,,,MHALEY,,,,5975137,,2017-09-13,2017-09-13,,57,,,,,,,,,,Y,1,,,,,A,N,,A,5,D,2013-10-22,,,,,,,,,,,,,,2013-12-17,,Y,,,,,,,,,,,,2016-10-11
2884353,,CK1287696,382393785S,,V,,,,,,2013-12-09,2015-03-27,2015-04-29,2017-09-22,,ACT,2017-09-22,RO39,,,,,,,AHUDSON,,,,3288589,,2017-11-03,2017-11-03,,57,,,,,X,,,,,,1,,,,,A,N,,D,2,D,2013-11-22,2017-09-19,,,,,2015-04-29,X,,,,,,,,,,,,,2017-09-22,,,,,,,,2017-09-22
2884636,,CK1287865,385849156S,,V,,,,,,2014-02-25,2015-03-10,2015-03-18,2017-10-20,,ACT,2017-10-20,RO39,,,,,,,AHUDSON,,,,9070713,,2017-11-03,2017-11-03,,57,,,,,,,,,,,1,,,,,A,N,,I,2,D,2014-02-07,2017-10-20,,,,,2015-03-18,X,,,,,,,,,,,,,2017-10-20,,,,,,,,2017-10-20
2887534,,246948,388242178S,,V,,,,,,2014-02-18,2015-07-21,2015-09-21,2015-10-21,,ACT,2015-10-21,RO29,,,,,,,SBODE,,,,4376139,,2017-09-12,2017-09-12,,57,,,,,,,,,,Y,1,,,,,A,N,,H,2,D,2013-09-04,,,,,,2015-09-21,,,,,,,,2014-02-18,,,,,,,,,,,,,,
2889036,,83160,738464961S,,V,,,,,,2014-02-25,2014-08-25,2014-09-03,2015-08-03,,ACT,2015-08-03,RO77,,,,,,,AHUDSON,,,,2696101,,2017-12-01,2017-12-01,,JWEHNER,,,,,,,,,,Y,1,,5,,,A,N,,D,2,D,2014-02-05,,,,,,2014-09-03,X,,,,,,,2014-03-13,,,,,,2015-08-03,,,,,,,,
2889676,,9518,188144266S,,V,,,,,,2014-01-09,2015-04-13,2015-06-02,2016-04-21,,ACT,2016-04-21,RO44,,,,,,,AHUDSON,,,,4055941,,2017-11-29,2017-11-29,,33,,,,,,,,,,,1,,6,,,A,N,,D,2,D,2013-11-25,,,,,,2015-06-02,X,,,,,,,,,,,,,2016-08-08,,,,,,,,2016-04-21
2889953,,CK601214,924466364S,,V,,,,,,2014-02-19,2014-07-15,2014-08-28,2017-02-21,,ACT,2017-02-21,RO16,,,,,,,MHALEY,,,,3460640,,2017-11-01,2017-11-01,,57,,,,,,,,,,,1,,,,,A,N,,I,2,D,2014-01-16,2017-02-09,,,,,2014-08-28,X,,,,,,,,,Y,,,,2017-02-21,,,,,,,,2017-02-21
2891201,,CK563177,922533395S,,,,,,,,2014-02-28,2015-05-12,2015-06-02,2017-02-06,,ACT,,RO46,,,,,,,AHUDSON,,,,3549669,,2017-09-07,2017-09-07,,57,,,,,,,,,,Y,1,,,,,,N,,H,2,D,2013-06-25,2016-02-12,,,,,2015-06-02,,,,,,,,2014-02-28,,Y,,,,,,,,,,,,2017-02-06
2892519,,CK1111639,262839391S,,V,,,,,,2013-09-30,2016-01-26,2016-02-08,2016-04-11,,ACT,2016-04-11,RO09,,,,,,,CRUSSEL,,,,7482550,,2017-08-28,2017-08-28,,57,,,,,,,,,,Y,1,,,,,A,N,,U,2,D,2013-02-19,,,,,,2016-02-08,X,,,,,,,2014-03-31,,,,,,2016-04-11,,,,,,,,2016-04-11
2893002,,CK1292575,930244193S,,V,,,,,,2014-02-28,2016-02-11,2016-02-18,2017-03-03,,ACT,2017-03-03,RO50,,,,,,,SBODE,,,,6620582,,2017-11-14,2017-11-14,,57,,,,,,,,,,Y,1,,,,,A,N,,I,2,D,2014-01-15,,,,,,2016-02-18,X,,,,,,,2016-02-10,,,,,,2017-07-31,,,,,,,,2017-03-03
2894207,,CK1126796,364028337S,,V,,,,,,2013-04-29,2015-04-22,2015-05-19,2015-11-23,,ACT,2015-11-23,RO17,,,,,,,MHALEY,,,,6871976,,2017-08-30,2017-08-30,,57,,,,,,,,,,Y,1,,,,,A,N,,T,2,D,2013-04-15,,,,,,2015-05-19,X,,,,,,,2013-04-29,,Y,,,,2015-11-25,,,,,,,,
2895030,,321022,676370840S,,,,,,,,2014-03-10,2016-02-03,2016-02-10,2016-03-08,,ACT,2016-03-08,RO31,,,,,,,SBODE,,,,3179040,,2017-11-24,2017-11-24,,57,,,,,,,,,,Y,1,,,,,A,N,,I,5,D,2014-02-27,,,,,,,,,,,,,,2014-04-17,,,,,,,,,,,,,,
2895173,,CK1037809,149485059S,,V,,,,,,2014-01-07,2014-03-17,2014-04-24,2014-10-10,,ACT,2015-06-01,RO17,,D,,,,,MHALEY,,1518,,8511622,,2017-10-11,2017-10-11,,57,,,,,,,,,,,1,,5,,,A,N,,T,2,D,2013-11-12,,,,,,2014-06-16,X,,,,,,,,,Y,,,,2014-10-10,,,,,,,,
2901540,,CK1297327,727126306S,,V,,,,,,2014-03-27,2017-01-06,2017-03-02,2017-06-01,,ACT,2017-06-01,RO19,,,,,,,CRUSSEL,,,,1817871,,2017-10-27,2017-10-27,,57,,,,,,,,,,Y,1,,,,,A,N,,T,2,D,2013-05-06,,,,,,2017-03-02,X,,,,,,,2015-05-27,,,,,,2017-06-01,,,,,,,,2017-06-01
2902844,,CK113872,337712502S,,V,,,,,,2014-03-27,2016-01-27,2016-03-08,2016-11-08,,ACT,2017-02-14,RO73,,,,,,,CRUSSEL,,,,8938474,,2017-09-11,2017-09-11,,57,,,,,,,,,,Y,1,,,,,A,N,,T,2,P,2013-10-03,,,,,,2016-03-08,,,,,,,,2014-08-21,,Y,,,,,,,,,,,,2016-11-08
2903521,,CK1298377,808415990S,,,,,,2017-08-08,,2014-01-02,2014-07-07,2014-08-11,2017-05-02,,ACT,2017-05-02,RO14,,,,,,,CRUSSEL,,,,8302207,,2017-08-24,2017-08-24,,33,,,,,,,,,,,1,,5,,,A,N,,D,1,P,2013-09-26,2017-04-21,,,,,,,,,,,,,,,,,,,,,,,,,,,2017-05-02
2913382,,CK1303846,605293964S,,V,,,,,,2014-04-21,2016-09-16,2016-10-20,2017-01-31,,ACT,,RO01,,,,,,,CRUSSEL,,,,9369461,,2017-08-31,2017-08-31,,57,,,,,,,,,Y,Y,1,,3,,,,N,,D,2,P,2014-01-01,,,,,,2016-10-20,X,,,,,,,2014-09-29,,,,,,2017-01-31,,,,,,,,2017-01-31
2914640,,CK1304642,409509534S,,,,,,,,2014-04-18,2015-12-07,2016-02-08,2016-11-14,,ACT,2016-11-14,RO30,,,,,,,SBODE,,,,8975863,,2017-11-15,2017-11-15,,57,,,,,,,,,,,1,,,,,A,N,,I,5,D,2013-12-12,,,,,,,,,,,,,,,,,,,,,,,,,,,,2016-11-14
2914968,,312498,888914598S,,V,,,,,,2014-04-22,2015-10-26,2015-11-03,2017-10-24,,ACT,2017-10-24,RO40,,,,,,,AHUDSON,,,,9034602,,2017-11-03,2017-11-03,,57,,,,,,,,,,,1,,,,,A,N,,D,2,D,2014-03-06,,,,,,2015-11-03,X,,,,,,,,,N,,,,2017-10-24,,,,,,,,2017-10-24
2918526,,CK1306826,475914921S,,V,,,,,,2014-04-28,2016-08-26,2016-09-06,2017-07-20,,ACT,,RO26,,,,,,,SBODE,,,,5373180,,2017-09-14,2017-09-14,,57,,,,,,,,,,,1,,,,,,N,,A,2,D,2014-04-14,,,,,,2016-09-06,X,,,,,,,,,,,,,2017-07-20,,,,,,,,2017-07-20
2918763,,CK940945,387931979S,,V,,,,,,2014-04-25,2015-07-31,2015-09-08,2015-12-22,,ACT,2015-12-23,RO16,,,,,,,MHALEY,,1202,,5771157,,2017-11-17,2017-11-17,,57,,,,,,,,,,Y,1,,6,,,A,N,,D,2,P,2014-03-20,,,,,,2015-09-08,X,,,,,,,2014-06-09,,Y,,,,2016-10-14,,,,,,,,
2919468,,197558,976470687S,,V,,,,,,2014-03-24,2014-08-15,2014-08-21,2014-12-02,,ACT,2014-12-02,RO29,,,,,,,SBODE,,,,9421322,,2017-08-28,2017-08-28,,57,,,,,,,,,,Y,1,,,,,A,N,,H,2,D,2014-03-01,,,,,,2014-08-21,,,,,,,,2014-05-09,,,,,,,,,,,,,,
2919910,,CK1175203,629035055S,,V,,,,,,2014-04-09,2017-03-03,2017-03-15,2017-05-04,,ACT,2017-05-04,RO51,,,,,,,AHUDSON,,,,7139648,,2017-09-25,2017-09-25,,57,,,,,,,,,,Y,1,,,,,A,N,,T,2,D,2014-03-13,,,,,,2017-03-15,X,,,,,,,2014-05-09,,,,,,2017-04-04,,,,,,,,2017-05-04
2926356,,CK1311203,955852910S,,V,,,,,,2014-04-23,2016-05-07,2016-06-07,2016-07-05,,ACT,2016-07-21,RO43,,,,,,,AHUDSON,,1136,,7091075,,2017-11-13,2017-11-13,,57,,,,,,1,,,,Y,1,,,,,A,N,,T,2,D,2013-12-09,,,,,,2017-09-23,X,,,,,,,2014-04-23,,,,,,2017-11-30,,,,,S,,,2016-07-05
2932923,,163760,425943295S,,V,,,,2017-08-31,,2014-04-09,2015-09-03,2015-09-15,2017-04-06,,ACT,,RO55,,,,,,,MHALEY,,1668,,2729270,,2017-10-23,2017-10-23,672,57,,,,,,,,,Y,Y,1,,,,,,N,,D,2,D,2014-03-31,2016-12-23,2017-01-23,2017-02-23,,,2017-03-14,X,,,,,,,2014-04-09,,Y,,,,2017-04-06,,,,,,,,2017-04-06
2933334,,CK1315026,786637934S,,V,,,,,,2014-05-29,2016-01-05,2016-02-11,2016-03-02,,ACT,2016-03-02,RO06,,,,,,,CRUSSEL,,,,1841987,,2017-09-12,2017-09-12,,57,,,,,,,,,,,1,,,,,A,N,,H,2,D,2013-09-23,,,,,,2016-02-11,X,,,,,,,,,,,,,2016-03-02,,,,,,,,
2933747,,CK1315250,168788742S,,V,,,,,,2014-05-28,2014-10-09,2014-10-27,2016-07-08,,ACT,,RO35,,,,,,,00,,000,,9829308,,2017-08-24,2017-08-24,,57,,000,,,,,,,,Y,1,,,,,,N,,A,2,P,2014-05-06,2016-06-07,,,,,2014-10-27,X,,,,,,,2014-05-28,,,,,,2016-07-11,,,,,,,,2016-07-08
2934740,,CK1203228,202720297S,,V,,,,,,2014-04-23,2014-12-16,2014-12-30,2016-09-08,,ACT,,RO55,,,,,,,MHALEY,,,,9513954,,2017-12-08,2017-12-08,672,57,,,,,,,,,,Y,1,,,,,,N,,D,2,D,2014-03-26,,,,,,2016-12-29,,,,,,,,2014-07-02,,Y,,,,,,,,,,,,2016-09-08
2939052,,CK1318176,222643461S,,V,,,,,,2014-05-14,2017-04-24,2017-05-12,2017-06-15,,ACT,2017-06-15,RO17,,,,,,,MHALEY,,,,8406788,,2017-10-23,2017-10-23,,57,,,,,,,,,,Y,1,,,,,A,N,,T,2,D,2014-04-21,,,,,,2017-05-12,X,,,,,,,2016-07-22,,Y,,,,2017-06-15,,,,,,,,2017-06-15
2939273,,CK1318302,895741175S,,,,,,,,2014-05-27,2016-03-16,2016-04-11,2016-10-03,,ACT,2016-10-03,RO21,,,,,,,00,,000,,4653215,,2017-08-25,2017-08-25,,57,,000,,,X,,,,,Y,1,,,,,A,N,,T,2,D,2013-07-01,,,,,,2016-04-11,X,,,,,,,2014-06-24,,,,,,2016-10-03,,,,,,,,2016-10-03
2939932,,CK1318678,684450511S,,,,,,,,2014-03-11,2015-04-08,2015-04-27,2016-04-12,,ACT,,RO10,,,,,,,00,,000,,1823370,,2017-10-27,2017-10-27,,57,,000,,,X,,,,,,1,,,,,,N,,A,2,D,2014-02-08,,,,,,2015-10-10,X,,,,,,,,,,,,,2015-11-13,,,,,,,,2016-04-12
2940946,,CK676918,138034137S,,V,,,,,,2014-06-12,2015-01-26,2015-02-06,2016-03-28,,ACT,2017-06-30,RO55,,,,,,,MHALEY,,,,7499134,,2017-11-27,2017-11-27,672,18,,,,,,,,,,Y,1,,6,,,A,N,,H,2,D,2014-05-29,,,,,,2015-02-06,X,,,,,,,2014-06-12,,,,,,2015-04-22,,,,,,,,
2941741,,CK1319708,992190636S,,V,,,,,,2014-06-10,2015-09-04,2015-09-17,2016-06-03,,ACT,2016-06-03,RO39,,,,,,,AHUDSON,,,,4918017,,2017-10-23,2017-10-23,,OFRANECKI,,,,,,1,,,,Y,1,,5,,,A,N,,I,2,P,2014-05-23,,,,,,2015-09-17,X,,,,,,,2014-08-14,,,,,,2016-06-03,,,,,,,,2016-06-03
2946670,,CK1322635,746824586S,,V,,,,,,2014-05-16,2016-05-28,2016-06-29,2017-05-06,,ACT,2017-05-06,RO43,,,,,,,00,,000,,1674308,,2017-09-05,2017-09-05,,57,,000,,,,,,,,Y,1,,,,,A,N,,A,2,D,2014-04-28,,,,,,2016-06-29,X,,,,,,,2014-05-16,,Y,,,,2017-05-06,,,,,,,,2017-05-06
2955782,,CK1327799,208464196S,,V,,,,,,2014-06-26,2015-12-30,2016-02-10,2017-01-10,,ACT,2017-01-10,RO22,,,,,,,MHALEY,,,,2940882,,2017-09-13,2017-09-13,,57,,,,,,,,,,,1,,,,,A,N,,A,2,D,2014-05-22,,,,,,2016-02-10,X,,,,,,,,,,,,,2017-01-10,,,,,,,,
2956906,,76540,945886687S,,V,,,,,,2014-07-01,2015-11-13,2015-12-14,2017-06-27,,ACT,,RO01,,,,,,,CRUSSEL,,,,9206484,,2017-08-30,2017-08-30,,57,,,,,,,,,,,1,,,,,,N,,D,2,D,2013-07-29,,,,,,2015-12-14,X,,,,,,,,,,,,,2017-06-27,,,,,,,,2017-06-27
2960158,,CK1330232,531054761S,,V,,,,,,2013-05-31,2016-01-28,2016-03-28,2016-08-26,,ACT,2016-08-26,RO44,,,,,,,00,,000,,5784390,,2017-08-31,2017-08-31,,57,,000,,,,,,,,Y,1,,,,,A,N,,T,2,D,2012-11-29,,,,,,2016-09-08,X,,,,,,,2013-05-31,,Y,,,,2016-08-26,,,,,,,,2016-08-26
2963634,,CK1332118,292812148S,,,,,,,,2014-07-29,2015-07-29,2015-09-28,2017-09-13,,ACT,2017-09-13,RO49,,,,,,,00,,000,,1169712,,2017-10-16,2017-10-16,,57,,000,,,,,,,,,1,,,,,A,N,,I,1,D,2014-05-01,2017-08-10,,,,,,,,,,,,,,,,,,,,,,,,,,,
2970712,,CK1259420,613677561S,,,,,,,,2014-08-05,2015-04-23,2015-05-13,2015-07-07,,ACT,2015-07-23,RO48,,,,,,,AHUDSON,,,,3089936,,2017-09-19,2017-09-19,,57,,,,,,,,,,Y,1,,,,,A,N,,I,2,D,2014-07-01,,,,,,2015-05-13,X,,,,,,,2014-08-05,,,,,,2015-07-23,,,,,,,,
2972371,,CK775833,232858399S,,V,,,,,,2014-08-06,2017-01-25,2017-02-01,2017-09-28,,ACT,,RO48,,,,,,,AHUDSON,,,,4885333,,2017-10-13,2017-10-13,,57,,,,,,,,,,,1,,,,,,N,,T,2,D,2014-08-01,2017-08-24,,,,,2017-02-01,X,,,,,,,,,,,,,2017-09-28,,,,,,,,2017-09-28
2976888,,CK1339105,246381604S,,V,,,,,,2014-07-22,2015-07-21,2015-09-16,2015-12-01,,ACT,2015-12-01,RO17,,,,,,,MHALEY,,,,4013668,,2017-09-05,2017-09-05,,57,,,,,,,,,,Y,1,,,,,A,N,,D,2,D,2013-11-29,,,,,,2015-09-16,X,,,,,,,2014-11-25,,Y,,,,2015-12-01,,,,,,,,
2986355,,CK1344079,797745692S,,V,,,,,,2014-09-05,2015-05-29,2015-06-23,2017-05-23,,ACT,2017-06-02,RO48,,,,,,,00,,000,,7177281,,2017-08-24,2017-08-24,,57,,000,,,,,,,,Y,1,,,,,A,N,,I,2,D,2014-06-25,,,,,,2015-06-23,X,,,,,,,2014-09-05,,,,,,2017-05-23,,,,,,,,2017-05-23
2988375,,CK783341,190278814S,,V,,,,,,2014-06-23,2015-09-21,2015-09-28,2017-11-01,,ACT,2017-11-01,RO22,,,,,,,00,,000,,5341467,,2017-11-13,2017-11-13,,57,,000,,,,,,,,,1,,,,,A,N,,I,2,D,2014-05-29,,,,,,2015-09-28,X,,,,,,,,,,,,,2017-11-01,,,,,,,,2017-11-01
2997131,,CK1350021,265360017S,,V,,,,,,2014-09-17,2015-10-29,2015-11-11,2016-01-28,,ACT,2016-10-12,RO18,,,,,,,CRUSSEL,,,,1885762,,2017-10-27,2017-10-27,,57,,,,,,,,Y,,Y,1,,3,,,A,N,,T,2,P,2014-08-05,,,,,,2015-11-11,X,,,,,,,2014-09-17,,,,,,2016-01-28,,,,,,,,
3002500,,CK1353032,138590125S,,,,,,,,2014-09-05,2017-01-03,2017-02-13,2017-03-06,,ACT,2017-03-06,RO17,,,,,,,MHALEY,,,,8201304,,2017-08-25,2017-08-25,,57,,,,,,,,,,,1,,,,,A,N,,D,2,D,2014-05-08,,,,,,2017-02-13,X,,,,,,,,,Y,,,,2017-03-06,,,,,,,,2017-03-06
3019694,,CK1362122,849386058S,,V,,,,,,2014-10-22,2016-07-21,2016-08-11,2017-03-13,,ACT,2017-03-13,RO39,,,,,,,AHUDSON,,1860,,7592395,,2017-12-06,2017-12-06,,SRITCHIE,,,,,,,,,,Y,1,,6,,,A,N,,I,2,D,2014-10-07,2017-03-03,,,,,2016-08-11,X,,,,,,,2015-01-12,,,,,,2017-03-13,,,,,,,,2017-03-13
3019752,,CK1362140,328723195S,,,,,,,,2014-07-22,2016-08-12,2016-09-07,2016-09-16,,ACT,2016-09-19,RO31,,,,,,,MHALEY,,,,4415021,,2017-12-07,2017-12-07,,57,,,,,,,,,,Y,1,,,,,A,N,,I,1,P,2013-12-27,,,,,,,,,,,,,,2015-01-14,,,,,,,,,,,,,,2016-09-16
3021614,,CK1363117,704323573S,,V,,,,,,2014-11-18,2016-09-07,2016-09-26,2016-12-01,,ACT,2016-12-01,RO19,,,,,,,CRUSSEL,,,,9069211,,2017-08-30,2017-08-30,,57,,,,,,,,,,Y,1,,,,,A,N,,A,2,D,2014-07-03,2016-11-30,,,,,2016-09-26,X,,,,,,,2014-11-18,,,,,,2016-12-01,,,,,,,,
3022976,,CK643553,695241632S,,,,,,2017-08-22,,2014-10-08,2015-03-10,2015-04-20,2016-10-06,,ACT,2016-10-06,RO14,,,,,,,MHALEY,,1499,,1319069,,2017-10-23,2017-10-23,,57,,,,,,,,,,Y,1,,,,,A,N,,A,5,D,2013-12-09,,,,,,,,,,,,,,,,Y,,,,,,,,,,,,
3025801,,CK156070,853444309S,,V,,,,,,2014-09-18,2017-03-07,2017-04-19,2017-06-22,,ACT,2017-06-22,RO43,,,,,,,AHUDSON,,,,3561981,,2017-09-15,2017-09-15,,57,,,,,X,,,,,Y,1,,,,,A,N,,I,2,D,2014-07-07,,,,,,2017-04-19,X,,,,,,,2014-12-16,,Y,,,,2017-06-22,,,,,,,,2017-06-22
3026376,,67082,596792606S,,V,,,,,,2014-12-02,2015-12-15,2016-01-14,2016-03-29,,ACT,,RO01,,,,,,,CRUSSEL,,,,9662078,,2017-08-29,2017-08-29,,57,,,,,,,,,,Y,1,,,,,,N,,T,2,D,2014-11-26,,,,,,2016-01-14,,,,,,,,2014-12-02,,,,,,,,,,,,,,
3026416,,CK602007,869694280S,,,,,,,,2014-11-28,2016-05-18,2016-06-20,2016-07-19,,ACT,2016-07-19,RO31,,,,,,,SBODE,,,,7382445,,2017-09-07,2017-09-07,,57,,,,,,1,,,,Y,1,,,,,A,N,,V,2,D,2014-11-04,,,,,,2016-06-20,,,,,,,,2015-05-30,,,,,,,,,,,,,,2016-07-19
3026933,,31DAC110,190595135S,,V,,,,,,2014-11-14,2015-04-22,2015-04-30,2016-01-26,,ADV,2017-06-29,RO55,,,,,,,MHALEY,,,,6122501,,2014-12-04,2014-12-04,,77,,,,,,,,,,Y,1,,6,,,A,N,,H,2,D,2014-09-17,2015-09-15,,,,,2015-04-30,X,,,,,,,2015-01-09,,,,,,2016-09-12,,,,,,,,
3030413,,CK1367819,922705730S,,V,,,,,,2014-12-03,2017-07-31,2017-09-12,2017-10-31,,ACT,2017-11-04,RO48,,,,,,,AHUDSON,,,,7065125,,2017-11-13,2017-11-13,,57,,,,,,,,,,Y,1,,,,,A,N,,I,2,P,2014-07-18,,,,,,2017-09-12,X,,,,,,,2014-12-03,,,,,,2017-10-31,,,,,,,,2017-10-31
3031975,,CK1368687,635251735S,,V,,,,,,2014-12-11,2017-02-06,2017-02-09,2017-03-06,,ACT,2017-03-07,RO26,,,02,,,,00,,000,,6054347,,2017-09-15,2017-09-15,,57,,000,,,,,,,,,1,,,,,A,N,,A,2,P,2014-09-17,,,,,,2017-02-09,,,,,,,,,,,,,,,,,,,,,,2017-03-06
3035772,2015-10-02,CK591149,466031435S,,V,,2014-08-12,,2015-03-24,,2005-12-12,2006-02-24,2006-03-22,2006-12-06,,REM,2017-09-11,RO55,1,D,02,,,,SBODE,,1244,,2319980,,2017-09-11,2017-09-11,,96,,460,,,,1,,,,,3,3,6,,,R,N,,D,5,D,2005-07-12,,,,,,2015-10-02,X,,,,,,,,,,RO97,,,2017-09-11,,,,,,,,
3041333,,CK1373845,876446276S,,V,,,,,,2014-10-28,2016-12-19,2016-12-29,2017-06-30,,ACT,,RO45,,,,,,,AHUDSON,,,,1092825,,2017-10-31,2017-10-31,,57,,,,,,,,,,Y,1,,,,,,N,,I,2,D,2014-07-22,2017-04-26,,,,,2016-12-29,X,,,,,,,2014-10-28,,Y,,,,2017-06-30,,,,,,,,2017-06-30
3041989,,CK874336,107924012S,,V,,,,,,2015-01-05,2015-04-10,2015-04-20,2015-08-07,,ACT,2017-06-25,RO49,,,,,,,SBODE,,,,6423097,,2017-10-27,2017-10-27,,33,,,,,,,,,,Y,1,,6,,,A,N,,I,2,D,2014-12-18,,,,,,2015-04-20,X,,,,,,,2015-01-05,,,,,,2017-03-29,,,,,,,,
3046950,,CK1377007,449877831S,,V,,,,,,2015-01-12,2015-06-25,2015-07-08,2016-09-02,,ACT,2016-09-17,RO48,,,,,,,AHUDSON,,,,5799433,,2017-09-12,2017-09-12,,57,,,,,,,,,,Y,1,,,,,A,N,,D,2,D,2014-08-22,2016-06-22,,,,,2015-07-08,X,,,,,,,2015-01-12,,,,,,2016-09-02,,,,,,,,2016-09-02
3060200,,CK1214227,229505317S,,V,,,,,,2015-01-30,2016-11-17,2017-01-06,2017-05-04,,ACT,,RO31,,,,,,,SBODE,,,,4390067,,2017-10-24,2017-10-24,,57,,,,,,,,,,Y,1,,,,,,N,,I,2,D,2015-01-15,,,,,,2017-01-06,X,,,,,,,2015-01-30,,,,,,2017-05-04,,,,,,,,2017-05-04
3060449,,CK1360058,671594551S,,V,,,,,,2015-01-13,2015-02-20,2015-03-02,2015-06-05,,ACT,2015-06-05,RO01,,,,,,,CRUSSEL,,,,4418618,,2017-08-30,2017-08-30,,57,,,,,,,,,,Y,1,,,,,A,N,,T,2,P,2015-01-06,,,,,,2015-03-02,X,,,,,,,2015-01-13,,,,,,2016-08-26,,,,,,,,
3062960,,CK1385608,366959426S,,V,,,,,,2015-02-04,2015-08-28,2015-09-22,2016-05-09,,ACT,,RO51,,,,,,,SBODE,,,,6146835,,2017-11-08,2017-11-08,,57,,,,,,,,Y,,Y,1,,,,,,N,,D,2,D,2015-01-28,,,,,,2015-09-22,X,,,,,,,2015-02-25,,,,,,2016-05-04,,,,,,,,2016-05-09
3063903,,CK1386144,329146737S,,V,,,,,,2015-03-28,2016-10-07,2016-11-03,2016-12-31,,ACT,2017-02-23,RO18,,,,,,,CRUSSEL,,,,2114308,,2017-11-13,2017-11-13,,38,,,,,,,,Y,,,1,,6,,,A,N,,T,2,D,2014-11-26,,,,,,2016-11-03,X,,,,,,,,,Y,,,,2016-12-31,,,,,,,,2016-12-31
3085659,2017-09-19,CK1397840,239120550S,,,,,,,,2015-03-24,2015-11-04,2015-11-23,2016-04-04,,REM,,RO40,,D,02,,,,SBODE,,1806,,5800366,,2017-09-19,2017-09-19,,97,,1024,,,,,,,,,1,3,5,,,,N,,L,5,D,2015-01-30,,,,,,,,,,,,,,,,Y,RO97,,,,,,,,,,,
3124515,,188147,386753835S,,V,,,,,,2015-04-14,2015-10-23,2015-12-07,2016-06-08,,ACT,,RO44,,,,,,,AHUDSON,,,,6959429,,2017-11-29,2017-11-29,,33,,,,,,,,,,Y,1,,6,,,,N,,F,2,D,2015-02-02,,,,,,2015-12-07,X,,,,,,,2015-04-14,,,,,,2016-08-04,,,,,,,,2016-06-08
3156846,,24870,209053627S,,V,,,,,,2015-06-30,2016-04-08,2016-06-06,2016-09-19,,ACT,2017-06-27,RO55,,,,,,,MHALEY,,,,5280925,,2017-10-31,2017-10-31,,33,,,,,,,,,,,1,,6,,,A,N,,T,2,D,2015-06-12,,,,,,2016-06-06,X,,,,,,,,,,,,,2017-06-05,,,,,,,,2016-09-19
3242524,,CK1296801,604969679S,,V,,,,,,2015-12-03,2017-09-27,2017-11-20,2017-11-28,,ADV,2017-11-28,RO06,,,,,,,CRUSSEL,,,,1253962,,2015-12-09,2015-12-09,,77,,,,,,,,,,,1,,,,,A,,,T,2,D,2015-11-23,,,,,,2017-11-20,X,,,,,,,,,,,,,2017-11-28,,,,,,,,2017-11-28
3261587,,CK240155,807445673S,,V,,,,,,2015-07-31,2016-11-04,2016-11-30,2016-12-28,,ACT,,RO45,,,,,,,AHUDSON,,,,1904948,,2017-10-16,2017-10-16,,57,,,,,,,,,,Y,1,,5,,,,N,,A,2,D,2015-07-20,,,,,,2016-11-30,X,,,,,,,2015-12-17,,,,,,2016-12-28,,,,,,,,2016-12-28
3282749,2017-08-07,230880,657332982S,,V,,,,2017-07-05,,2016-02-01,2016-03-31,2016-10-01,2016-10-17,,REM,2017-11-30,RO18,,D,02,,,,SBODE,,372,,8304252,,2017-11-30,2017-11-30,,96,,458,,,,,,,,Y,1,3,6,,,R,N,,D,5,D,2015-12-23,,,,,,2016-10-01,X,,,,,,,2016-02-01,,,RO97,,,2017-09-26,,,,,,,,2016-10-17
3283372,2016-04-28,CK906187,955197769S,,,,2015-03-10,,2016-02-20,,2009-10-07,2010-01-07,2010-03-25,2011-05-19,,REM,2017-11-07,RO19,,D,02,,,,SBODE,,861,,3197291,,2017-11-07,2017-11-07,,96,,790,,,,1,,,,,3,3,,,,R,N,,A,5,D,2009-09-15,,,,,,2016-04-28,X,,,,,,,,,,RO97,,,2016-06-20,,,,,,,,
3306315,2017-12-08,283946,662643660S,,V,,2016-01-31,,,,2011-10-04,2013-02-27,2013-03-04,2017-06-29,,HIS,,RO39,,,02,,,,SBODE,,1579,,8944954,,2017-12-08,2017-12-08,,99,,319,,,X,,,,,,1,1,6,,,,N,,A,2,D,2011-08-26,2017-06-26,,,,,,,,,,,,,,,,,,,,,,,,S,,,2017-06-29
3310775,2017-09-19,CK1516324,760362568S,,V,,,,,,2016-03-14,2016-06-01,2016-06-10,2016-09-23,,REM,,RO46,,D,02,,,,SBODE,,1171,,8175997,,2017-09-19,2017-09-19,,97,,418,,,,,,,,,1,1,6,,,,N,,D,2,D,2016-01-29,,,,,,,,,,,,,,,,Y,RO97,,,,,,,,,,,2016-09-23
3363848,2017-12-08,CK286153,152003980S,,,,2016-06-10,,,,2014-11-14,2016-07-05,2016-08-01,2016-09-07,,HIS,,RO77,,,02,,,,SBODE,,1084,,5597366,,2017-12-08,2017-12-08,,99,,945,,,,,,,,,1,1,5,,,,N,,I,5,D,2014-09-22,,,,,,,,,,,,,,,,,,,,,,,,,S,,,2016-09-07
3411278,,CK1566214,251674802S,,V,,,,,,2016-09-09,2017-07-27,2017-07-31,2017-08-31,,ACT,2017-08-31,RO45,,,,,,,AHUDSON,,,,1653703,,2017-10-12,2017-10-12,,57,,,,,,,,,,Y,1,,,,,A,N,,I,2,D,2016-09-01,,,,,,2017-07-31,X,,,,,,,2016-09-09,,,,,,2017-08-31,,,,,,,,2017-08-31
3436456,2017-09-19,CK919850,162726229S,,,,2013-02-22,,2016-12-28,,2009-04-27,2010-04-06,2010-04-30,2012-07-16,,REM,,RO11,3,D,02,,,,SBODE,,1538,,6256791,,2017-09-19,2017-09-19,,97,,467,,,,,,,,,3,1,6,,,,N,,D,5,P,2008-12-23,,,,,,,,,,,,,,,,,RO97,,,,,,,,,,,
3449656,,CK913132,889444668S,,,,,,,,2016-11-23,2017-09-26,2017-10-10,2017-10-13,,ACT,,RO04,,D,,,,,CRUSSEL,,524,,6369026,,2017-12-06,2017-12-06,,AABSHIRE,,,,,,,,,,Y,1,,5,,,,N,,T,5,P,2016-09-28,,,,,,,,,,,,,,2016-11-23,,,,,,,,,,,,,,2017-10-13
3461497,2017-03-10,317E5524,276880282S,,,,2015-11-02,,2016-12-27,,1994-12-15,1996-02-26,1996-03-14,2000-05-26,,REM,,RO55,4,D,02,,,,SBODE,,1192,,3939299,,2017-03-15,2017-03-15,,70,,556,,,,,,,,,7,3,5,,,,N,,D,5,P,1994-10-20,,,,,,,,,,,,,,,,,RO97,,,,,,,,,,,
3467828,2017-01-26,CK239748,787148925S,,V,,2016-03-08,,,,2008-07-29,2009-04-01,2009-04-29,2011-08-18,,REM,2017-11-08,RO55,1,D,02,,,,SBODE,,991,,7799598,,2017-11-08,2017-11-08,,96,,464,,,,,,,,,3,3,6,,,R,N,,D,2,D,2008-03-25,,,,,,2009-04-29,X,,,,,,,,,,RO97,,,2017-09-15,,,,,,,,
3542942,,CK1112548,378401094S,,,,,,2017-12-08,,2017-05-11,2017-09-12,2017-11-01,2017-12-04,,ACT,2017-12-04,RO15,,,,,,,CRUSSEL,,,,8095970,,2017-12-08,2017-12-08,,57,,,,,,,,,,Y,1,,,,,A,N,,A,1,D,2016-12-06,,,,,,,,,,,,,,2017-05-11,,Y,,,,,,,,,,,,2017-12-04
3565723,,CK157337,134499309S,,,,2016-10-21,,2017-06-27,,2012-09-10,2012-12-19,2013-01-02,2016-05-04,,ACT,,RO21,,,,,,,SBODE,,290,,1273310,,2017-12-06,2017-12-06,,AABSHIRE,,,,,,,,,,,3,,6,,,,N,,D,2,D,2012-01-23,,,,,,,,,,,,,,,,,RO97,,,,,,,,,,,
3575931,,CK992975,216979849S,,,,2017-01-12,,2017-07-17,,2010-08-04,2012-01-03,2012-02-28,2016-05-24,,ACT,,RO14,,,,,,,SBODE,,1302,,9209665,,2017-11-14,2017-11-14,,SCASPER1,,,,,,,,,,,3,,,,,,N,,D,1,D,2010-05-11,,,,,,,,,,,,,,,,,RO97,,,,,,,,,,,
3593381,2017-08-29,CK1045431,918926151S,,,,2015-08-14,,,,2010-08-30,2011-10-07,2011-10-19,2012-10-24,,REM,,RO19,,D,07,,,,SBODE,,957,,4254124,,2017-08-31,2017-08-31,,50,,550,,,X,,,,,,3,3,5,,,,N,,L,2,D,2010-08-10,,,,,,2011-10-19,X,,,,,,,,,,RO97,,,2017-11-02,,,,,,,,
3609359,,CK1028378,472424746S,,,,2016-10-24,,,,2010-12-16,2013-06-14,2013-06-27,2014-06-13,,ACT,,RO23,,,,,,,SBODE,,747,,8884249,,2017-12-06,2017-12-06,,AABSHIRE,,,,,,,,,,,3,,6,,,,N,,I,2,D,2010-10-29,,,,,,,,,,,,,,,,,RO97,,,,,,,,,,,
3615398,,CK927578,263174679S,,,,2017-03-07,,2017-09-20,,2009-12-01,2011-05-07,2011-06-27,2013-08-06,,ACT,,RO18,,,,,,,SBODE,,769,,5005986,,2017-11-21,2017-11-21,,AABSHIRE,,,,,,,,,,,3,,2,,,,N,,D,2,P,2009-11-18,,,,,,,,,,,,,,,,,RO97,,,,,,,,,,,
3616721,,CK959390,515790294S,,,,2017-03-07,,2017-09-22,,2010-04-08,2013-02-04,2013-03-28,2015-07-01,,ACT,,RO46,,,,,,,SBODE,,1116,,4006978,,2017-12-07,2017-12-07,,AABSHIRE,,,,,,,,,,,3,,6,,,,N,,D,2,D,2010-03-29,,,,,,,,,,,,,,,,,RO97,,,,,,,,,,,
3617215,,326052,994806951S,,,,2017-03-16,,2017-09-22,,2010-06-09,2013-01-23,2013-03-20,2014-06-03,,ACT,,RO46,,,,,,,SBODE,,290,,3462916,,2017-12-07,2017-12-07,,AABSHIRE,,,,,,,,,,,3,,6,,,,N,,D,2,D,2010-02-26,,,,,,,,,,,,,,,,,RO97,,,,,,,,,,,
3618770,,CK487969,219228160S,,,,2016-11-23,,2017-09-25,,2010-02-16,2011-08-23,2011-09-22,2012-06-26,,ACT,,RO06,,D,,,,,SBODE,,793,,8122277,,2017-12-08,2017-12-08,,AABSHIRE,,,,,,,,,,,3,,5,,,,N,,A,5,D,2009-03-06,,,,,,,,,,,,,,,,,RO97,,,,,,,,,,,
3619838,,CK1151970,884668527S,,,,2016-07-06,,,,2012-06-28,2013-09-23,2013-11-15,2015-05-26,,ACT,,RO18,,,,,,,SBODE,,1302,,4575797,,2017-11-14,2017-11-14,,SCASPER1,,,,,,,,,,,3,,,,,,N,,I,1,D,2011-11-15,,,,,,,,,,,,,,,,,RO97,,,,,,,,,,,
3620725,,CK978062,740799996S,,V,,2017-08-21,,,,2010-06-10,2012-04-27,2012-05-07,2012-06-05,,ACT,,RO17,,,,,,,SBODE,,,,4485921,,2017-10-19,2017-10-19,,57,,,,,,,,,,,3,,,,,,N,,T,2,D,2010-05-18,,,,,,2017-10-04,X,,,,,,,,,,RO97,,,2017-10-04,,,,,,,,
3625593,,CK659436,767574947S,,,,2015-08-25,,,,2006-11-14,2007-12-26,2008-01-18,2009-12-30,,ACT,,RO43,,,,,,,SBODE,,1302,,6182238,,2017-11-27,2017-11-27,,SCASPER1,,,,,,,,,,,3,,,,,,N,,I,2,P,2006-08-19,,,,,,,,,,,,,,,,,RO97,,,,,,,,,,,
3626186,,CK724573,209179363S,,,,2016-11-08,,2017-10-04,,2007-08-20,2008-11-18,2009-01-13,2012-03-30,,ACT,,RO40,3,,,,,,SBODE,,1302,,6127824,,2017-11-27,2017-11-27,,SCASPER1,,,,,,,,,,,3,,,,,,N,,A,2,D,2007-06-19,,,,,,,,,,,,,,,,,RO97,,,,,,,,,,,
3641199,,CK969773,720822143S,,,,2016-10-05,,2017-10-31,,2010-05-20,2011-09-13,2011-11-09,2016-03-02,,ACT,,RO13,,,,,,,SBODE,,769,,7849474,,2017-12-07,2017-12-07,,AABSHIRE,,,,,,,,,,,3,,1,,,,N,,D,1,D,2010-03-11,,,,,,,,,,,,,,,,,RO97,,,,,,,,,,,
3642997,2017-12-08,322C4332,682007349S,,,,2016-12-20,,,,2011-01-05,2011-07-08,2011-08-16,2012-12-19,,HIS,,RO04,,,02,,,,SBODE,,1001,,7574722,,2017-12-08,2017-12-08,,99,,308,,,,,,,,,3,1,2,,,,N,,L,2,D,2011-01-03,,,,,,,,,,,,,,,,,RO04,,,,,,,,,,,
3662856,,CK322476,686623298S,,,,2017-06-28,,,,2008-09-26,2011-08-12,2011-08-30,2012-03-07,,ACT,,RO62,4,,,,,,SBODE,,,,6627734,,2017-12-08,2017-12-08,,AABSHIRE,,,,,,,,,,,3,,,,,,N,,I,5,D,2008-04-14,,,,,,,,,,,,,,,,,RO97,,,,,,,,,,,
3662859,,CK157337,767574947S,,,,2017-06-28,,,,2008-09-26,2011-08-12,2011-08-30,2012-03-07,,ACT,,RO62,4,,,,,,SBODE,,,,6627735,,2017-12-08,2017-12-08,,ID20,,,,,,,,,,,3,,,,,,N,,I,5,D,2008-04-14,,,,,,,,,,,,,,,,,RO97,,,,,,,,,,,
3662860,,CK487969,645883755S,,,,2017-06-28,,,,2008-09-26,2011-08-12,2011-08-30,2012-03-07,,ACT,,RO62,4,,,,,,SBODE,,,,6627736,,2017-12-08,2017-12-08,,ID20,,,,,,,,,,,3,,,,,,N,,I,5,D,2008-04-14,,,,,,,,,,,,,,,,,RO97,,,,,,,,,,,
877483,2017-11-28,CK168505,626343664S,,,,,,2017-06-30,,1995-09-11,1995-10-14,1995-11-20,2017-05-24,,REM,,RO14,0,D,02,,,,SBODE,,1286,,8927941,,2017-11-30,2017-11-30,,98,,909,,,,,42,,,,1,3,1,,,,N,,D,1,P,1994-09-12,1996-10-11,2017-04-24,,,,,,,,,,,,,,,RO97,,,,,,,,,,,2017-05-24
